General information,,time (s),O2 (%),DPT (Pa),CO (%),CO2 (%),PDM (-),PDC (-),Mass (g),Methane MFM (slpm),APT (kPa),HFM (kW/m2),Cold Trap TC (K),Stack TC (K),Smoke TC (K),Cone Heater TC (K),Spare TC (K),Soot MFM (g/s)

Test,,0,20.96306938,117.996638,0.00149908,0.04884422,0.720189,0.23959,-0.211628,0.0008,102.0087,0,270.72,325.546,328.664,1147.643,0,0
Standard used,ISO 5660-1,1,20.95563163,122.403268,0.00121329,0.04869705,0.597708,0.202814,-0.211628,0.0002,102.0107,0,270.726,325.482,328.557,1145.644,0,0
Date of test,13/12/2019,2,20.94819388,126.809898,0.00092749,0.04854987,0.475228,0.166038,-0.211628,-0.0004,102.0127,0,270.732,325.419,328.449,1143.645,0,0
Time of test,12:15,3,20.94978851,128.478303,0.00097233,0.05011932,0.279177,0.245183,-0.211628,-0.0007,102.0139,0,270.731,325.363,328.344,1143.217,0,0
Heat flux (kW/m²),50,4,20.95336713,130.993154,0.00117093,0.05151993,0.45157,0.138386,-0.211628,0.0002,102.0136,0,270.746,325.306,328.274,1143.244,0,0
Nominal duct flow rate (l/s),24,5,20.95487771,127.864983,0.00140108,0.05054639,0.349365,-0.0128,-0.211628,0.0009,102.0126,0,270.726,325.264,328.229,1143.277,0,0
Sampling interval (s),1,6,20.9538331,126.934812,0.00131138,0.04858724,0.44998,0.128881,-0.211628,0.0004,102.0132,0,270.728,325.209,328.16,1143.315,0,0
Separation (mm),60,7,20.94989631,123.518555,0.00113044,0.04756315,0.345196,0.061237,-0.211628,-0.001,102.0124,0,270.764,325.154,328.082,1143.326,0,0
Orientation,Horizontal,8,20.94733515,123.270019,0.0010346,0.04778843,0.337636,-0.028451,-0.211628,-0.0002,102.0134,0,270.768,325.112,328.062,1143.36,0,0
Edge frame?,Yes,9,20.95186863,127.049383,0.00101125,0.04878323,0.45898,0.172314,-0.211628,0.0017,102.0127,0,270.756,325.104,328.039,1143.385,0,0
Grid?,No,10,20.9555753,127.244754,0.00111457,0.05116467,0.731839,0.550021,-0.211628,0.0006,102.0142,0,270.748,325.089,328.06,1143.399,0,0
Non-scrubbed?,Yes,11,20.95536148,125.374054,0.00116269,0.05059354,0.581115,0.564977,-0.211628,-0.0015,102.014,0,270.744,325.122,328.125,1143.402,0,0
Substrate used? {Y/N},No,12,20.95327488,121.591904,0.00089126,0.04854159,0.690056,0.789999,-0.211628,-0.0048,102.0119,0,270.746,325.157,328.161,1143.409,0,0
Substrate,none,13,20.94892946,123.095328,0.0006418,0.04756048,0.809077,0.743279,-0.211628,-0.0015,102.012,0,270.728,325.157,328.147,1143.401,0,0
Additional specimen preparation details,,14,20.94773323,126.693513,0.00050614,0.04813659,1.037693,1.041525,-0.211628,-0.0001,102.0131,0,270.734,325.162,328.153,1143.388,0,0
,,15,20.95124694,126.768821,0.00055829,0.04980855,1.056601,1.177574,-0.211628,-0.0011,102.0116,0,270.752,325.166,328.097,1143.375,0,0
Specimen,,16,20.95575471,125.96206,0.00073643,0.05132901,1.101743,1.276288,-0.211628,0.0012,102.0106,0,270.746,325.1,328.004,1143.388,0,0
Sample description,Training Balsa,17,20.95669757,125.790465,0.00082631,0.04966871,0.857546,0.704583,-0.211628,0.0005,102.0105,0,270.77,325.035,327.901,1143.368,0,0
Material name/ID,Training Balsa,18,20.95453154,121.329697,0.0007196,0.04809116,0.836833,0.530492,-0.211628,-0.001,102.0094,0,270.745,324.957,327.791,1143.412,0,0
Specimen number,,19,20.95016467,124.614142,0.00059618,0.04752805,0.922727,0.774129,-0.211628,0.0004,102.011,0,270.741,324.888,327.726,1143.381,0,0
E (MJ/kg),13.1,20,20.95010669,122.842172,0.0006236,0.04845122,0.788023,0.825192,-0.211628,0.0008,102.0101,0,270.768,324.839,327.69,1143.359,0,0
Initial mass (g),15.15,21,20.95380513,123.208708,0.00075109,0.05073557,0.982605,1.010425,-0.211628,0.0015,102.0114,0,270.759,324.835,327.655,1143.328,0,0
Thickness (mm),12.5,22,20.95647981,126.676095,0.00100159,0.0514949,0.663084,0.711373,-0.211628,0.0024,102.0105,0,270.761,324.821,327.636,1143.315,0,0
Surface area (cm²),88.4,23,20.95648408,125.753402,0.00106767,0.04942535,0.488781,0.64786,-0.211628,0.0014,102.0112,0,270.758,324.857,327.711,1143.288,0,0
Sponsor,,24,20.95231175,124.684897,0.00094819,0.0478142,0.56708,0.626532,-0.211628,0.0011,102.012,0,270.75,324.91,327.743,1143.209,0,0
Manufacturer,,25,20.94913322,124.663966,0.0008873,0.04756025,0.51154,0.633305,-0.211628,0.001,102.0131,0,270.766,324.934,327.831,1140.297,0,0
Test start time (s),161,26,20.95090343,122.795081,0.00093796,0.04873341,0.287074,0.244272,-0.211628,0.002,102.0116,0,270.756,324.958,327.798,1139.307,0,0
Time to ignition (s),5,27,20.95456984,123.33848,0.00112683,0.05085772,0.282011,0.445417,-0.211628,0.001,102.0114,0,270.757,324.886,327.657,1142.271,0,0
Time to flameout (s),231,28,20.95667347,123.01579,0.00142656,0.05109383,0.497746,0.875888,-0.211628,0,102.0125,0,270.756,324.8,327.543,1143.108,0,0
End of test criterion,ISO 5660-1:2002,29,20.95629947,129.55958,0.00145907,0.04935835,0.641186,0.779778,-0.211628,-0.0001,102.013,0,270.76,324.677,327.385,1143.152,0,0
User EOT time (s),,30,20.95158624,126.622641,0.00121772,0.04778283,0.81124,0.947967,-0.211628,-0.0009,102.0107,0,270.77,324.593,327.284,1145.516,0,0
MLR EOT mass (g/m²),150,31,20.94731347,125.516667,0.00104769,0.04771877,0.955631,1.238756,-0.211628,-0.0006,102.013,0,270.767,324.583,327.295,1143.821,0,0
MLR EOT time period (s),60,32,20.94802448,124.314412,0.00098272,0.04835075,0.999644,0.936429,-0.211628,-0.0027,102.0132,0,270.772,324.567,327.293,1143.224,0,0
Truncate graphs at EOT?,No,33,20.9511891,126.975897,0.00101967,0.05100323,1.166487,1.247352,-0.211628,-0.0025,102.0115,0,270.787,324.588,327.348,1143.23,0,0
Smooth data?,No,34,20.95296074,128.054971,0.00118911,0.0504593,1.209703,1.399467,-0.211628,-0.0014,102.0119,0,270.765,324.605,327.346,1143.21,0,0
Correct O2 for pressure?,No,35,20.95214161,125.309362,0.00100796,0.04874463,1.168953,1.381834,-0.211628,-0.001,102.0108,0,270.774,324.61,327.379,1143.215,0,0
,,36,20.94828699,122.679347,0.0008748,0.04760678,0.922669,1.112263,-0.211628,0.0008,102.0133,0,270.759,324.663,327.441,1143.224,0,0
Specifications: apparatus,,37,20.94535182,122.633268,0.00086164,0.04787009,0.973791,0.882231,-0.211628,0.0013,102.013,0,270.757,324.728,327.548,1143.201,0,0
C-factor (SI units),0.045982,38,20.9482636,125.079386,0.00090718,0.04941379,0.995906,1.100788,-0.211628,-0.0005,102.0117,0,270.768,324.788,327.682,1143.215,0,0
OD correction factor,0.97963,39,20.95171044,121.43971,0.00106195,0.05134523,0.694839,0.650181,-0.211628,-0.0001,102.0114,0,270.777,324.887,327.783,1145.915,0,0
Duct diameter (m),0.114,40,20.95299632,125.695444,0.00125278,0.0509542,0.564872,0.276554,-0.211628,0.0009,102.0122,0,270.776,324.93,327.801,1143.938,0,0
O2 delay time (s),0,41,20.95167398,125.260498,0.0011578,0.0487495,0.777746,0.719724,-0.211628,0.0022,102.0104,0,270.77,324.919,327.754,1143.195,0,0
CO2 delay time (s),0,42,20.94737862,127.830228,0.00093903,0.04756238,0.912146,0.641094,-0.211628,-0.0003,102.0114,0,270.766,324.879,327.755,1143.186,0,0
CO delay time (s),0,43,20.94563274,126.04116,0.00075579,0.04783756,0.956501,1.07374,-0.211628,0.0013,102.012,0,270.778,324.911,327.858,1143.192,0,0
,,44,20.94898036,130.086612,0.00070893,0.04965718,1.180231,1.006208,-0.211628,0.0006,102.0126,0,270.79,324.968,327.858,1143.199,0,0
Laboratory,,45,20.95209679,125.621315,0.00081651,0.05132185,1.329146,1.5134,-0.211628,0.0011,102.0115,0,270.773,325,327.845,1143.187,0,0
Laboratory name,FTT Cone - NIST,46,20.9530011,126.3753,0.00087525,0.0503129,1.297183,1.58199,-0.211628,0,102.0101,0,270.768,324.966,327.791,1146.804,0,0
Operator,Shields,47,20.95112007,127.368369,0.00069949,0.04840357,1.490728,1.413934,-0.211628,-0.0001,102.0121,0,270.781,324.923,327.753,1146.872,0,0
Filename,C:\CC5\DATA\19120001.CSV,48,20.94664016,127.090065,0.00053707,0.04752728,1.484118,1.5617,-0.211628,0,102.0122,0,270.775,324.881,327.711,1144.03,0,0
Report name,,49,20.9460668,124.655848,0.00054215,0.04794215,1.249623,1.166719,-0.211628,0,102.0121,0,270.749,324.835,327.627,1143.248,0,0
,,50,20.94817288,125.334792,0.00069046,0.05008034,1.141019,1.128922,-0.211628,0.0028,102.0121,0,270.776,324.834,327.623,1143.178,0,0
,,51,20.95052395,123.62359,0.00088753,0.05151221,1.354079,1.428312,-0.211628,0.0014,102.0134,0,270.772,324.825,327.593,1143.146,0,0
Pre-test conditions,,52,20.95089865,121.813863,0.00098455,0.0499588,1.076154,0.996409,-0.211628,0.0006,102.014,0,270.758,324.789,327.539,1143.161,0,0
Ambient temperature (°C),21.8,53,20.94846046,122.70574,0.00083293,0.04808799,0.918879,0.930757,-0.211628,0.0004,102.013,0,270.763,324.778,327.536,1143.132,0,0
Barometric pressure (Pa),102005,54,20.943943,121.89789,0.00067968,0.04750819,1.062793,1.138818,-0.211628,-0.0034,102.0125,0,270.767,324.777,327.594,1143.088,0,0
Relative humidity (%),27.5,55,20.94567573,124.197657,0.00068521,0.04808493,1.147059,1.32034,-0.211628,-0.0039,102.0127,0,270.781,324.815,327.587,1143.048,0,0
,,56,20.95012216,124.001091,0.00085835,0.05087676,1.158059,1.268591,-0.211628,-0.0041,102.0125,0,270.769,324.78,327.558,1143.035,0,0
,,57,20.9527004,128.927456,0.00101891,0.05137911,1.361066,1.666407,-0.211628,-0.0028,102.0129,0,270.778,324.77,327.537,1143.036,0,0
Conditioning,,58,20.95401191,125.020359,0.00098946,0.04923106,1.447532,1.648734,-0.211628,-0.0021,102.0121,0,270.779,324.761,327.493,1143.029,0,0
Conditioned? {Y/N},No,59,20.95158832,123.926274,0.00078359,0.04785292,1.270208,1.541056,-0.211628,-0.0008,102.0125,0,270.784,324.716,327.45,1143.025,0,0
Conditioning temperature (°C),N/A,60,20.94751321,122.836278,0.00061488,0.0475423,0.960977,1.11508,-0.211628,-0.0001,102.0135,0,270.769,324.676,327.418,1143.04,0,0
Conditioning RH (%),N/A,61,20.94923733,124.866621,0.00064753,0.04890843,0.971688,1.106772,-0.211628,0.0002,102.0132,0,270.773,324.656,327.412,1143.054,0,0
,,62,20.95439762,126.791345,0.00080956,0.05101976,1.252428,1.250532,-0.211628,0.0004,102.0121,0,270.785,324.668,327.365,1143.082,0,0
Data collected,,63,20.9568264,127.354228,0.00106844,0.05117866,1.28246,1.151795,-0.211628,-0.0003,102.012,0,270.783,324.615,327.297,1143.127,0,0
CO/CO2 data collected?,Yes,64,20.95619104,125.61612,0.00108753,0.04895481,1.101864,1.101696,-0.211628,-0.0022,102.0126,0,270.782,324.564,327.227,1143.166,0,0
Mass data collected?,Yes,65,20.95266486,124.320225,0.00099389,0.04776495,1.063551,0.967454,-0.211628,0,102.0133,0,270.769,324.532,327.188,1143.217,0,0
Smoke data collected?,Yes,66,20.95077597,124.52013,0.00094442,0.04752262,0.895981,0.62783,-0.211628,-0.0003,102.0116,0,270.773,324.511,327.143,1143.245,0,0
Soot mass data collected?,No,67,20.95372264,125.915492,0.00090371,0.04861879,1.107046,1.194044,-0.211628,0.0002,102.0129,0,270.802,324.492,327.182,1143.285,0,0
Soot mass ratio (1:x),N/A,68,20.95729596,127.635565,0.00100613,0.05112665,1.412002,1.417353,-0.211628,0.0003,102.0111,0,270.799,324.526,327.238,1143.312,0,0
Soot mass (g),N/A,69,20.95880813,131.996426,0.00106786,0.05026469,1.306872,1.270105,-0.211628,0.0001,102.0105,0,270.785,324.561,327.3,1143.301,0,0
,,70,20.95776657,125.662951,0.0008521,0.04840113,1.124095,1.1978,-0.211628,-0.0005,102.011,0,270.79,324.634,327.384,1143.289,0,0
Comments,,71,20.95370811,125.168017,0.00065091,0.04751768,1.062143,1.305347,-0.211628,-0.0002,102.0119,0,270.79,324.673,327.355,1143.32,0,0
Pre-test comments,,72,20.95490843,126.737936,0.00056786,0.04797723,1.063517,1.279538,-0.211628,-0.0006,102.0118,0,270.792,324.642,327.33,1143.329,0,0
After-test comments,,73,20.95626526,123.456637,0.00063353,0.05006548,1.081637,1.032992,-0.211628,0.0002,102.0128,0,270.795,324.649,327.416,1143.316,0,0
,,74,20.95687035,121.41029,0.00075277,0.05151352,1.062184,0.954342,-0.211628,0.0015,102.0123,0,270.802,324.758,327.575,1143.285,0,0
,,75,20.95533006,122.760471,0.00086437,0.05034227,1.015159,0.979204,-0.211628,0.0002,102.0106,0,270.804,324.829,327.627,1143.243,0,0
,,76,20.95092253,123.59219,0.00067698,0.04869114,0.915976,0.94411,-0.211628,0.0004,102.0122,0,270.816,324.881,327.715,1143.19,0,0
,,77,20.94972656,122.882648,0.00047042,0.04762018,0.915087,0.84549,-0.211628,0.0005,102.0112,0,270.812,324.934,327.798,1145.907,0,0
,,78,20.95321008,123.954723,0.00046521,0.04781799,0.921753,0.705926,-0.211628,0.0002,102.0108,0,270.802,324.971,327.785,1143.949,0,0
,,79,20.95620257,125.423776,0.00055724,0.04849332,0.664358,0.428763,-0.211628,0.0002,102.0121,0,270.808,324.958,327.792,1143.218,0,0
,,80,20.95681982,122.663155,0.00090735,0.05109261,0.391342,0.317558,-0.211628,-0.0006,102.0114,0,270.82,324.962,327.801,1143.237,0,0
,,81,20.95472426,122.158729,0.00121469,0.05136779,0.456532,0.276691,-0.211628,0.0014,102.0124,0,270.803,324.982,327.825,1143.276,0,0
,,82,20.94883052,123.300207,0.00122178,0.04876054,0.377453,0.18199,-0.211628,0.0032,102.0125,0,270.828,324.972,327.801,1143.309,0,0
,,83,20.94834703,120.598495,0.0011545,0.04755955,0.394642,0.317615,-0.211628,0.0016,102.0122,0,270.803,324.97,327.78,1143.297,0,0
,,84,20.95196873,124.136745,0.00117892,0.04824736,0.350901,0.012148,-0.211628,0.0027,102.01,0,270.82,324.971,327.817,1143.269,0,0
Events,,85,20.9545309,124.071002,0.00133119,0.05078149,0.295632,-0.052301,-0.211628,0.0007,102.0108,0,270.816,325.019,327.866,1143.245,0,0
Number of events,0,86,20.95469277,123.946444,0.00155789,0.05189673,0.535704,0.361919,-0.211628,0.0002,102.0124,0,270.819,325.084,327.963,1145.973,0,0
,,87,20.95203473,128.131164,0.00152087,0.05034862,0.513881,0.732655,-0.211628,0.0027,102.012,0,270.804,325.151,328.059,1143.965,0,0
,,88,20.94771631,128.743625,0.001294,0.04861294,0.222042,0.104027,-0.211628,0.0007,102.012,0,270.813,325.175,328.043,1143.184,0,0
,,89,20.94890966,124.247208,0.00109397,0.04827249,-0.003408,-0.357588,-0.211628,0.0007,102.0129,0,270.812,325.196,328.049,1143.151,0,0
,,90,20.95262034,122.650023,0.00100061,0.04973791,-0.060685,-0.358428,-0.211628,0.0023,102.0133,0,270.801,325.191,328.059,1143.151,0,0
,,91,20.95480544,123.939317,0.00108217,0.05181465,0.22005,0.142163,-0.211628,0.0017,102.0134,0,270.806,325.233,328.125,1143.131,0,0
,,92,20.95447042,121.399695,0.00126681,0.05157074,0.457815,0.487333,-0.211628,-0.0003,102.0129,0,270.808,325.326,328.25,1143.128,0,0
,,93,20.95123371,122.024654,0.00117011,0.04975265,0.646998,0.530473,-0.211628,0.0004,102.013,0,270.802,325.397,328.349,1143.129,0,0
,,94,20.94740741,122.536327,0.00102475,0.04853062,1.100242,0.978514,-0.211628,0.0024,102.0128,0,270.799,325.44,328.39,1143.132,0,0
,,95,20.94804738,121.501512,0.00092613,0.04834766,1.047085,1.141423,-0.211628,0.0005,102.0128,0,270.811,325.423,328.331,1143.123,0,0
,,96,20.9512521,122.744986,0.00096203,0.04979582,0.857736,0.802965,-0.211628,0.0007,102.0128,0,270.817,325.384,328.284,1143.089,0,0
,,97,20.95147664,128.384134,0.0011074,0.05192919,0.802516,0.812993,-0.211628,0.0009,102.0148,0,270.797,325.345,328.288,1142.526,0,0
,,98,20.95024633,127.167591,0.00133103,0.05167598,0.757881,0.577501,-0.211628,-0.0009,102.0133,0,270.797,325.373,328.312,1141.877,0,0
,,99,20.94640603,125.870593,0.00121722,0.04975762,0.965275,1.088142,-0.211628,0.0023,102.0115,0,270.803,325.344,328.249,1142.793,0,0
,,100,20.94341832,127.11732,0.00094036,0.04802856,0.694034,0.869308,-0.211628,0.0009,102.0116,0,270.815,325.294,328.174,1143.144,0,0
,,101,20.94628162,123.129263,0.00076612,0.04787472,0.747918,0.982569,-0.211628,-0.0001,102.0125,0,270.797,325.236,328.133,1143.178,0,0
,,102,20.94976176,125.79857,0.00073173,0.04926249,1.045629,1.085721,-0.211628,0,102.0128,0,270.804,325.228,328.171,1143.144,0,0
,,103,20.95264068,127.275389,0.00091218,0.05129713,1.125365,1.575486,-0.211628,0.0009,102.0128,0,270.797,325.269,328.223,1143.143,0,0
,,104,20.9517793,125.784975,0.00096932,0.05046555,1.103033,1.243997,-0.211628,0.001,102.013,0,270.797,325.3,328.247,1143.09,0,0
,,105,20.94852254,126.505345,0.00078773,0.0485529,0.951403,1.015032,-0.211628,0.0016,102.0136,0,270.79,325.31,328.265,1143.076,0,0
,,106,20.94750947,125.701349,0.00061519,0.04816346,1.056397,1.117243,-0.211628,0.0003,102.0109,0,270.78,325.352,328.294,1143.059,0,0
,,107,20.95093424,120.559014,0.00056102,0.04868954,0.935196,1.037218,-0.211628,0.001,102.0125,0,270.788,325.303,328.186,1143.037,0,0
,,108,20.95407994,122.520012,0.00065157,0.05098766,1.059694,1.308436,-0.211628,-0.0008,102.01,0,270.783,325.227,328.108,1143.047,0,0
,,109,20.95343379,125.186636,0.00081815,0.05171461,1.187348,1.536831,-0.211628,0.0005,102.0086,0,270.791,325.218,328.077,1143.071,0,0
,,110,20.95117365,126.081126,0.00089792,0.05023107,1.120662,1.171888,-0.211628,0.0005,102.0113,0,270.794,325.157,328.05,1143.064,0,0
,,111,20.94664966,124.487946,0.00065848,0.04828207,1.152754,1.147627,-0.211628,0.0012,102.0113,0,270.794,325.138,328.012,1143.079,0,0
,,112,20.94606848,123.97343,0.00047793,0.04748894,1.273267,1.475039,-0.211628,0.0007,102.0116,0,270.784,325.1,327.968,1143.086,0,0
,,113,20.9483233,123.425313,0.00040872,0.04801763,1.512105,1.702874,-0.211628,0.0014,102.011,0,270.776,325.072,327.941,1143.128,0,0
,,114,20.9506215,127.739171,0.00054776,0.0503216,1.164869,1.56846,-0.211628,0.0006,102.0113,0,270.78,325.028,327.906,1143.175,0,0
,,115,20.95094278,127.030588,0.00084554,0.0514255,1.32174,1.564873,-0.211628,0.0027,102.0112,0,270.779,325.009,327.86,1143.22,0,0
,,116,20.94855883,126.256754,0.00107923,0.05003581,1.636619,1.735969,-0.211628,-0.0019,102.0119,0,270.768,324.947,327.822,1143.254,0,0
,,117,20.94409451,124.255191,0.00097217,0.04807352,1.589722,1.649231,-0.211628,-0.0007,102.0108,0,270.773,324.966,327.815,1143.303,0,0
,,118,20.94484079,128.731762,0.00088941,0.04744337,1.277108,1.483494,-0.211628,0.0008,102.0115,0,270.767,324.985,327.893,1143.716,0,0
,,119,20.9499625,125.155386,0.00088838,0.04867403,1.166985,1.187485,-0.211628,0.0012,102.0102,0,270.77,325.018,327.939,1146.526,0,0
,,120,20.95422788,124.939607,0.00108388,0.05077656,1.343375,1.607336,-0.211628,-0.0012,102.009,0,270.776,325.049,327.995,1144.139,0,0
,,121,20.95465297,124.320215,0.00132695,0.05094932,1.306028,1.569203,-0.211628,0.0022,102.0088,0,270.768,325.082,327.986,1143.279,0,0
,,122,20.95174134,121.812472,0.00121718,0.04929221,1.459335,1.651689,-0.211628,0.0019,102.0098,0,270.767,325.057,327.908,1143.295,0,0
,,123,20.94759469,122.216109,0.00100264,0.04780367,1.313088,1.498572,-0.211628,0.0015,102.0094,0,270.768,324.986,327.776,1143.299,0,0
,,124,20.94928408,124.206748,0.00082673,0.04768551,1.486789,1.577928,-0.211628,0.0008,102.0102,0,270.755,324.922,327.736,1146.011,0,0
,,125,20.95293928,122.039987,0.00081444,0.04898147,1.427387,1.381916,-0.211628,-0.0028,102.0092,0,270.751,324.941,327.823,1144.013,0,0
,,126,20.95488637,123.300761,0.00097139,0.05123057,0.958315,0.898896,-0.211628,-0.0003,102.0088,0,270.749,324.99,327.847,1143.266,0,0
,,127,20.95436841,128.288179,0.00117977,0.05078313,1.300246,1.08861,-0.211628,0.0002,102.0088,0,270.756,324.983,327.834,1143.233,0,0
,,128,20.95085976,127.074999,0.00110842,0.04892428,1.369196,1.41706,-0.211628,0.0003,102.0109,0,270.756,324.963,327.824,1143.229,0,0
,,129,20.94588987,124.187939,0.00096025,0.04764647,1.337048,1.441075,-0.211628,0.0007,102.0117,0,270.745,325.009,327.897,1143.189,0,0
,,130,20.94801756,122.56064,0.00092115,0.04763839,1.413616,1.675118,-0.211628,0.0002,102.0107,0,270.757,325.048,327.927,1143.158,0,0
,,131,20.95151148,125.348822,0.00103648,0.04904259,1.257657,1.045728,-0.211628,-0.0009,102.0105,0,270.761,325.045,327.937,1143.134,0,0
,,132,20.95304324,124.586398,0.00124573,0.05127361,0.967428,0.887192,-0.211628,0.0003,102.0105,0,270.753,325.067,327.967,1143.114,0,0
,,133,20.95198498,125.325719,0.00148682,0.05072807,1.183063,1.256292,-0.211628,0.0011,102.0112,0,270.759,325.096,328.004,1145.827,0,0
,,134,20.94797227,126.087818,0.00136226,0.04867234,1.115497,1.153062,-0.211628,0.001,102.0107,0,270.743,325.093,328.032,1143.827,0,0
,,135,20.94708785,122.435079,0.00117746,0.0475593,1.035349,1.198964,-0.211628,0.0019,102.012,0,270.746,325.125,328.03,1143.067,0,0
,,136,20.95060422,124.037505,0.00105016,0.04788891,1.250297,1.38574,-0.211628,0.0002,102.0114,0,270.738,325.142,327.996,1143.036,0,0
,,137,20.9539583,122.08441,0.00110652,0.04973908,1.134691,1.342555,-0.211628,-0.0007,102.0101,0,270.743,325.126,328.019,1143.041,0,0
,,138,20.95504375,121.141747,0.00126101,0.05141739,1.126571,1.232123,-0.211628,-0.0017,102.0111,0,270.732,325.123,328.03,1143.058,0,0
,,139,20.95347819,124.665453,0.00135649,0.05014251,0.944476,1.078305,-0.211628,0.0002,102.0109,0,270.744,325.137,328.004,1143.077,0,0
,,140,20.94915891,127.172626,0.00119152,0.0482707,1.004226,1.25933,-0.211628,0.0004,102.0113,0,270.73,325.098,327.926,1143.104,0,0
,,141,20.94636081,129.497232,0.00103134,0.04751863,1.043188,0.98652,-0.211628,0.0002,102.0114,0,270.723,325.051,327.91,1143.102,0,0
,,142,20.95089812,129.217667,0.00100094,0.04795915,1.624523,1.905034,-0.211628,-0.0005,102.0122,0,270.738,325.044,327.871,1143.105,0,0
,,143,20.95440153,127.396101,0.00109484,0.050144,1.720295,2.025408,-0.211628,-0.0026,102.0109,0,270.737,324.941,327.715,1143.127,0,0
,,144,20.95503684,126.090863,0.00129818,0.05147384,1.743252,1.981907,-0.211628,-0.0024,102.0089,0,270.719,324.827,327.544,1143.192,0,0
,,145,20.95290698,122.009845,0.00142252,0.04999546,1.705717,2.170195,-0.211628,0.0019,102.009,0,270.728,324.734,327.455,1143.225,0,0
,,146,20.94837165,124.571813,0.00126664,0.04824496,1.797763,2.366347,-0.211628,0.001,102.0107,0,270.724,324.675,327.371,1143.23,0,0
,,147,20.94835954,123.515383,0.00103206,0.04753407,1.882889,2.260828,-0.211628,-0.0005,102.0114,0,270.706,324.64,327.377,1143.272,0,0
,,148,20.95201087,125.554072,0.00088165,0.04826526,1.784546,2.105016,-0.211628,0.0003,102.0107,0,270.72,324.633,327.389,1143.288,0,0
,,149,20.95460197,129.02905,0.00090434,0.05089675,1.486572,1.870239,-0.211628,0.0022,102.0118,0,270.723,324.62,327.385,1143.297,0,0
,,150,20.95490834,128.091561,0.00104058,0.05096551,1.675638,2.268208,-0.211628,-0.0001,102.0095,0,270.724,324.617,327.329,1143.297,0,0
,,151,20.95072011,125.168942,0.00091214,0.04903518,1.654272,1.93492,-0.211628,-0.0002,102.0096,0,270.715,324.571,327.261,1143.29,0,0
,,152,20.94582565,124.098121,0.00063638,0.04771027,1.671574,1.845343,-0.211628,0.0012,102.0088,0,270.696,324.597,327.363,1143.302,0,0
,,153,20.94698594,118.954983,0.00043768,0.04769278,1.519493,1.707202,-0.211628,0.0005,102.0095,0,270.698,324.69,327.516,1143.46,0,0
,,154,20.949945,126.574373,0.00043382,0.04904515,1.525422,1.727078,-0.211628,0.0006,102.0095,0,270.693,324.74,327.543,1143.687,0,0
,,155,20.9511807,123.249174,0.00059786,0.05126938,1.384226,1.771674,-0.211628,-0.0026,102.0105,0,270.7,324.777,327.542,1143.78,0,0
,,156,20.95070642,123.84568,0.00085424,0.05068844,1.204725,1.458446,-0.211628,-0.0008,102.0084,0,270.7,324.764,327.52,1144.055,0,0
,,157,20.94745584,124.356218,0.00087193,0.04874206,1.152119,1.213543,-0.211628,-0.0003,102.0102,0,270.701,324.772,327.491,1144.47,0,0
,,158,20.94355898,122.974916,0.00079028,0.04760306,1.351358,1.507297,-0.211628,0.002,102.0108,0,270.71,324.725,327.42,1144.949,0,0
,,159,20.94571274,121.657125,0.00075738,0.0476527,1.299473,1.493287,-0.211628,0.0035,102.0097,0,270.696,324.699,327.397,1145.439,0,0
,,160,20.94931992,124.888766,0.00083518,0.04943963,1.262857,1.49525,-0.211628,0.0013,102.0095,0,270.694,324.671,327.379,1145.97,0,0
,,161,20.95245597,123.709591,0.00103689,0.05123292,1.317505,1.400992,-0.211628,-0.0015,102.0095,0,270.685,324.687,327.402,1146.372,0,0
,,162,20.95229234,126.009573,0.00119181,0.05038325,1.204369,1.28784,13.377819,-0.0011,102.0092,0,270.695,324.683,327.414,1151.219,0,0
,,163,20.949977,124.09517,0.00092032,0.04877863,1.111561,1.031449,17.444589,-0.0012,102.0112,0,270.693,324.652,327.383,1150.713,0,0
,,164,20.94743012,122.834621,0.00083877,0.04762099,1.28274,1.390337,16.956935,-0.0003,102.0107,0,270.682,324.66,327.344,1150.2,0,0
,,165,20.95032095,127.297066,0.00076116,0.04805089,1.275696,1.648497,16.336161,0.0017,102.0097,0,270.689,324.624,327.281,1150.112,0,0
,,166,20.95381599,126.591977,0.00087235,0.05011343,1.382835,1.570903,15.972392,0.0009,102.0108,0,270.69,324.591,327.266,1149.917,0,0
,,167,20.95668862,119.102944,0.00089723,0.05138183,1.374746,1.568935,15.752036,0.0002,102.0103,0,270.683,324.575,327.261,1149.637,0,0
,,168,20.9558379,114.16217,0.00071113,0.04985351,1.144902,1.402493,15.473624,-0.0001,102.0099,0,270.68,324.627,327.603,1149.549,0,0
,,169,20.95158509,114.274553,0.00054196,0.0481225,1.328765,1.689224,15.487989,-0.0032,102.0098,0,270.673,325.289,328.919,1149.304,0,0
,,170,20.94971166,111.217995,0.0005134,0.04753584,1.466814,1.923877,15.273838,0.001,102.0101,0,270.675,326.361,330.402,1148.81,0,0
,,171,20.95297222,111.328891,0.00064828,0.0481646,1.656352,1.833304,15.05296,-0.0013,102.0101,0,270.697,327.38,331.7,1151.34,0,0
,,172,20.95581586,110.327532,0.00088605,0.05049916,1.201028,1.56557,15.010373,-0.0008,102.0109,0,270.69,328.274,332.836,1149.195,0,0
,,173,20.95546823,112.626181,0.00093776,0.05123224,1.218799,1.488511,14.77491,0.002,102.0103,0,270.686,329.039,333.889,1148.048,0,0
,,174,20.9518382,117.226682,0.00075465,0.04982072,1.333585,1.498981,14.631675,0.0018,102.0091,0,270.691,329.752,334.81,1147.57,0,0
,,175,20.9454029,115.753088,0.00066212,0.04993463,1.22498,1.575115,14.452606,0.0006,102.0096,0,270.685,330.335,335.408,1147.119,0,0
,,176,20.93870738,113.124912,0.00083822,0.05940405,1.301815,1.435927,13.859758,-0.0006,102.0103,0,270.685,330.713,335.897,1146.614,0,0
,,177,20.93100074,115.453401,0.00139553,0.08151251,1.154809,1.001521,14.022507,-0.0006,102.0084,0,270.684,331.083,336.472,1146.102,0,0
,,178,20.88675364,110.782201,0.00234278,0.11595726,0.873174,0.895091,13.952545,0.0001,102.0127,0,270.691,331.521,337.045,1145.69,0,0
,,179,20.81438075,113.008561,0.00313413,0.15503063,1.115192,1.025061,13.831194,0.0009,102.0123,0,270.684,331.902,337.566,1145.195,0,0
,,180,20.73834607,119.357349,0.00376473,0.19003234,1.279894,1.118597,13.79682,0.0007,102.0095,0,270.68,332.274,338.042,1147.267,0,0
,,181,20.67411978,119.45047,0.00444217,0.22065435,1.52824,1.626558,13.727267,0.0009,102.0083,0,270.666,332.54,338.334,1145.076,0,0
,,182,20.63307404,123.234032,0.00508099,0.24586303,1.500984,1.775392,13.630539,0.0008,102.0087,0,270.68,332.756,338.632,1143.993,0,0
,,183,20.60993329,119.679321,0.0056599,0.2648938,1.315316,1.562004,13.605008,0.0017,102.0088,0,270.691,332.975,338.918,1143.724,0,0
,,184,20.59866804,119.560719,0.00617085,0.28044539,1.21492,1.416054,13.529863,-0.0004,102.0098,0,270.675,333.127,339.115,1143.453,0,0
,,185,20.5957168,116.040158,0.00622931,0.28896274,1.586995,1.942626,13.50978,0.0005,102.0091,0,270.694,333.302,339.432,1143.038,0,0
,,186,20.59678075,118.16847,0.0060567,0.29253649,1.418188,1.672528,13.430901,-0.0017,102.0086,0,270.699,333.544,339.779,1142.809,0,0
,,187,20.60129414,120.794562,0.00594371,0.29437926,1.440064,1.862353,13.330896,0.0013,102.0093,0,270.714,333.774,340.04,1142.715,0,0
,,188,20.61405333,117.188099,0.00596208,0.29606284,1.684469,1.81499,13.309455,-0.0008,102.0113,0,270.698,333.912,340.133,1142.663,0,0
,,189,20.62900406,116.206453,0.00614073,0.29727914,1.631111,1.938365,13.23054,-0.0008,102.01,0,270.695,333.921,340.214,1139.388,0,0
,,190,20.64290442,117.773819,0.00633245,0.29746034,1.608158,1.909538,13.208992,0.0004,102.009,0,270.703,334.015,340.354,1138.243,0,0
,,191,20.65587246,121.581345,0.00622643,0.29317749,1.270743,1.542226,13.131331,0.0007,102.0086,0,270.713,334.109,340.494,1138.2,0,0
,,192,20.66561171,121.353827,0.00596178,0.28705771,1.105903,1.187343,13.031372,0.0003,102.0098,0,270.727,334.17,340.576,1141.542,0,0
,,193,20.67476859,119.386208,0.00573915,0.28234646,1.23994,1.101677,13.009807,0.0028,102.0106,0,270.714,334.202,340.653,1142.43,0,0
,,194,20.68686188,120.962768,0.00563107,0.2796951,1.200485,1.112201,12.930787,0.0008,102.0092,0,270.707,334.24,340.744,1142.401,0,0
,,195,20.69854203,120.614827,0.00568544,0.27834761,0.969308,1.029521,12.909402,0.0002,102.0093,0,270.709,334.32,340.814,1142.321,0,0
,,196,20.7081157,119.693815,0.0056873,0.27662626,1.250455,1.381389,12.832039,-0.0004,102.009,0,270.723,334.291,340.761,1142.277,0,0
,,197,20.71352094,120.037452,0.00547683,0.27098413,1.141622,1.007883,12.732278,0.0004,102.0111,0,270.721,334.23,340.718,1142.22,0,0
,,198,20.71849792,118.876835,0.00523774,0.26487044,0.820179,0.804403,12.632004,0.0006,102.0107,0,270.718,334.268,340.819,1142.166,0,0
,,199,20.72428717,118.461964,0.00510667,0.26039547,0.892222,0.856907,12.610451,0.0004,102.0092,0,270.725,334.346,340.908,1142.114,0,0
,,200,20.73377726,123.818596,0.00512824,0.25752289,1.004478,1.050407,12.531747,0.0016,102.008,0,270.709,334.388,340.959,1142.095,0,0
,,201,20.74372206,117.058978,0.00525582,0.25650211,1.47601,1.646858,12.432706,0.0008,102.0091,0,270.722,334.395,340.921,1141.999,0,0
,,202,20.74995264,118.277845,0.00525288,0.25486505,1.333649,1.349559,12.411427,0.0002,102.0069,0,270.711,334.405,340.965,1141.97,0,0
,,203,20.75265001,122.100606,0.00498389,0.25006539,0.80157,0.937709,12.411335,0.0003,102.007,0,270.717,334.401,341.028,1141.934,0,0
,,204,20.75071383,124.649828,0.00470445,0.24501268,1.094266,1.233711,12.332859,0.0007,102.0064,0,270.72,334.426,341.068,1141.919,0,0
,,205,20.75188548,118.98282,0.0045599,0.2416149,1.258117,1.250607,12.309702,0.0031,102.0077,0,270.702,334.441,341.09,1141.937,0,0
,,206,20.76053979,122.582789,0.00454089,0.23988871,0.876955,1.096843,12.232162,0.0009,102.0094,0,270.713,334.445,341.132,1141.844,0,0
,,207,20.7684686,121.324925,0.00466543,0.23993654,0.944669,1.089752,12.210955,0.001,102.0101,0,270.719,334.471,341.174,1141.796,0,0
,,208,20.77255243,119.747698,0.00462887,0.23824368,1.501439,1.603599,12.12217,0.0003,102.0112,0,270.731,334.502,341.225,1141.821,0,0
,,209,20.77287141,117.822586,0.00441293,0.23146192,1.415644,1.61249,12.030537,0.0021,102.0107,0,270.747,334.549,341.271,1142.967,0,0
,,210,20.77020424,119.877421,0.00430369,0.22973102,1.393513,1.518938,12.012097,0.0027,102.0094,0,270.719,334.543,341.221,1142.285,0,0
,,211,20.77189011,117.660091,0.00431795,0.22751969,1.388593,1.517456,11.930846,0.001,102.0091,0,270.729,334.515,341.133,1142.131,0,0
,,212,20.77752085,119.097798,0.00455491,0.22690967,1.279188,1.593663,11.989819,0.0009,102.0084,0,270.734,334.477,341.185,1142.247,0,0
,,213,20.78217552,121.129091,0.00493847,0.22764505,1.44488,1.468616,11.933455,0.0001,102.0061,0,270.742,334.496,341.235,1142.323,0,0
,,214,20.78447064,115.600316,0.00505385,0.22380795,1.416447,1.385867,11.833229,-0.0029,102.0071,0,270.746,334.542,341.23,1142.348,0,0
,,215,20.78233489,117.688399,0.00495984,0.22271031,1.249221,1.214759,11.811699,-0.0011,102.0091,0,270.747,334.548,341.212,1142.433,0,0
,,216,20.77921824,117.661255,0.00492314,0.21955136,1.565186,1.504419,11.732615,0.0009,102.0087,0,270.734,334.522,341.188,1142.504,0,0
,,217,20.78070149,118.408151,0.0049503,0.21869129,1.524207,1.450348,11.633371,0.0018,102.0069,0,270.743,334.498,341.163,1142.571,0,0
,,218,20.78464565,118.764816,0.00505531,0.21937744,1.105705,1.163789,11.612191,0.0031,102.0073,0,270.747,334.501,341.172,1145.377,0,0
,,219,20.78839228,121.591866,0.00517836,0.21700524,1.068883,0.981189,11.612226,0.0013,102.0085,0,270.737,334.478,341.169,1143.452,0,0
,,220,20.790096,121.380588,0.00506672,0.21333187,0.931957,0.804576,11.532694,0.0021,102.0088,0,270.736,334.451,341.089,1142.761,0,0
,,221,20.78876544,117.574714,0.00487381,0.21058255,0.785504,0.533207,11.51176,0.0008,102.0088,0,270.745,334.436,341.084,1142.801,0,0
,,222,20.78673228,120.012425,0.00482185,0.20950463,0.497289,0.165191,11.432139,0.0007,102.0096,0,270.745,334.443,341.028,1142.828,0,0
,,223,20.7911159,118.117497,0.00494354,0.2100195,0.590999,0.288533,11.411045,-0.0007,102.0098,0,270.759,334.394,340.96,1142.877,0,0
,,224,20.79787191,115.206094,0.00522594,0.21007762,0.585004,0.342356,11.331752,0,102.0098,0,270.753,334.355,340.996,1142.855,0,0
,,225,20.8007178,113.390662,0.00546103,0.20715171,0.563938,0.400738,11.310693,-0.0005,102.0093,0,270.75,334.383,341.022,1142.831,0,0
,,226,20.80163043,121.650788,0.00533663,0.20411271,1.002256,1.044137,11.232325,-0.0011,102.0081,0,270.748,334.45,341.092,1142.817,0,0
,,227,20.79817018,120.657604,0.00517053,0.20220538,1.125429,1.368827,11.211774,-0.0005,102.0089,0,270.76,334.452,341.052,1144.735,0,0
,,228,20.79647638,118.394114,0.00514502,0.20165341,0.915811,0.959074,11.211799,0.0027,102.0086,0,270.755,334.417,341.02,1143.449,0,0
,,229,20.80128735,118.635936,0.00522317,0.20262371,0.932972,0.737767,11.13235,0.0015,102.009,0,270.754,334.353,340.896,1143.002,0,0
,,230,20.80526426,117.26395,0.00544201,0.20267353,0.594428,0.43345,11.11125,0.001,102.0099,0,270.762,334.307,340.866,1142.996,0,0
,,231,20.8071708,122.027633,0.00555504,0.20028715,0.712373,0.623794,11.111161,-0.0002,102.0088,0,270.774,334.308,340.915,1143.031,0,0
,,232,20.80708357,119.535262,0.00541656,0.19818487,0.596519,0.458875,11.031272,-0.0019,102.0074,0,270.769,334.327,340.94,1143.062,0,0
,,233,20.80311937,119.271962,0.00533717,0.1975593,0.486638,0.222729,11.009096,-0.0009,102.0087,0,270.759,334.326,340.907,1143.1,0,0
,,234,20.80107225,118.895705,0.00542726,0.19793577,0.275874,-0.040454,10.932114,-0.0009,102.0084,0,270.781,334.344,340.921,1143.117,0,0
,,235,20.80438235,121.00156,0.00571767,0.19950716,0.4804,0.289802,10.83244,0,102.0084,0,270.793,334.371,340.904,1143.134,0,0
,,236,20.80763423,118.804339,0.00618283,0.19930353,0.156507,-0.094196,10.798309,-0.0004,102.009,0,270.798,334.345,340.866,1143.118,0,0
,,237,20.81014865,119.160541,0.00644015,0.19659828,0.088691,-0.068627,10.727909,0.0012,102.0071,0,270.801,334.351,340.857,1144.771,0,0
,,238,20.80881829,119.03616,0.00640392,0.19454012,0.220819,0.162643,10.630612,0.0006,102.0073,0,270.778,334.365,340.815,1143.588,0,0
,,239,20.80577526,118.642808,0.00628287,0.19379329,0.108191,-0.264917,10.607267,0.0011,102.0101,0,270.782,334.328,340.794,1143.79,0,0
,,240,20.80528538,122.949713,0.00623764,0.19442634,0.060868,-0.278724,10.530586,0.0032,102.01,0,270.803,334.315,340.764,1143.343,0,0
,,241,20.80891099,122.945743,0.00626229,0.19604351,0.591232,0.591603,10.509781,0.0034,102.0095,0,270.788,334.292,340.704,1143.186,0,0
,,242,20.81296797,117.924393,0.00640899,0.19523625,0.245451,0.229623,10.430854,0.0012,102.0087,0,270.795,334.231,340.663,1143.2,0,0
,,243,20.81427555,121.233191,0.00635102,0.1924502,0.464027,0.484773,10.409016,0.0014,102.009,0,270.812,334.218,340.625,1143.193,0,0
,,244,20.81351609,118.538297,0.00616248,0.19057549,0.723316,0.932796,10.330154,0.0031,102.0086,0,270.802,334.192,340.61,1143.215,0,0
,,245,20.80939601,116.654358,0.00603209,0.19002877,0.46968,0.591062,10.308529,0.0034,102.0093,0,270.799,334.18,340.6,1143.217,0,0
,,246,20.80980885,121.142624,0.00608671,0.19071484,0.387324,0.341324,10.308509,0.0024,102.0069,0,270.794,334.221,340.601,1143.236,0,0
,,247,20.81359077,121.151547,0.00635665,0.19238918,0.129084,0.016093,10.308379,0.0019,102.0083,0,270.803,334.203,340.549,1143.273,0,0
,,248,20.81462461,123.778276,0.00668366,0.1918,0.25981,-0.120645,10.308572,0.0005,102.0088,0,270.793,334.172,340.476,1143.263,0,0
,,249,20.81419984,120.106394,0.00676167,0.18851815,0.202491,-0.410875,10.229981,-0.0002,102.0078,0,270.781,334.154,340.467,1143.266,0,0
,,250,20.81284471,116.09835,0.00671968,0.18620626,0.276473,-0.283918,10.208346,0.0015,102.0088,0,270.782,334.128,340.427,1143.242,0,0
,,251,20.81093736,120.471673,0.00675791,0.18551845,0.385652,-0.040623,10.130825,0.0005,102.0076,0,270.785,334.137,340.455,1143.189,0,0
,,252,20.81534495,122.894353,0.00694557,0.18646023,0.31904,0.025362,10.109698,0.0025,102.0082,0,270.802,334.163,340.456,1143.192,0,0
,,253,20.82009437,119.421764,0.00727121,0.18770502,0.133035,-0.260652,10.03089,0.0014,102.0085,0,270.808,334.14,340.399,1143.209,0,0
,,254,20.82228336,118.419421,0.00754747,0.18595518,-0.120578,-0.411577,10.009555,0.0003,102.0077,0,270.801,334.114,340.334,1143.244,0,0
,,255,20.82328287,119.06636,0.00751463,0.18326992,0.136956,-0.156506,9.930903,0.0013,102.009,0,270.815,334.122,340.343,1143.265,0,0
,,256,20.82025673,117.034568,0.00736574,0.18200125,0.182384,-0.226195,9.909306,0.0009,102.0097,0,270.813,334.163,340.386,1145.763,0,0
,,257,20.81655445,122.344486,0.00732667,0.18234445,0.235957,-0.135161,9.909325,0.0007,102.0101,0,270.81,334.16,340.387,1143.972,0,0
,,258,20.81898464,118.605673,0.00744617,0.18442028,0.165046,-0.114146,9.830499,0.001,102.0106,0,270.799,334.17,340.401,1143.342,0,0
,,259,20.82263388,121.52893,0.00772637,0.18560618,0.140845,-0.335203,9.731546,0.0006,102.0079,0,270.802,334.185,340.378,1143.425,0,0
,,260,20.82436336,121.273531,0.00795613,0.18386235,0.197484,-0.249502,9.710325,0.0022,102.0087,0,270.805,334.194,340.356,1147.619,0,0
,,261,20.82339684,118.778822,0.00788809,0.18193544,0.083642,-0.413022,9.630321,0.0025,102.0091,0,270.793,334.175,340.29,1148.741,0,0
,,262,20.82085781,119.812291,0.00778287,0.18115307,0.234436,-0.076756,9.609547,0.0018,102.0073,0,270.784,334.192,340.343,1148.666,0,0
,,263,20.81857225,123.258511,0.00772914,0.18134127,0.341418,0.260987,9.609975,-0.0011,102.0079,0,270.777,334.228,340.374,1144.6,0,0
,,264,20.82163147,120.801536,0.00780243,0.18335602,0.477967,0.570146,9.52334,-0.0002,102.0074,0,270.802,334.234,340.409,1143.507,0,0
,,265,20.82507779,118.788468,0.00796649,0.18435957,0.510955,0.56474,9.428629,0.0008,102.0072,0,270.801,334.248,340.406,1146.281,0,0
,,266,20.82635591,118.109483,0.00803466,0.1825684,0.470363,0.226542,9.487999,-0.0001,102.009,0,270.789,334.249,340.378,1144.359,0,0
,,267,20.82483195,119.094839,0.00779939,0.18087204,0.338152,0.270134,9.42899,-0.0003,102.0087,0,270.802,334.233,340.347,1143.679,0,0
,,268,20.81901835,120.085285,0.0075759,0.18039773,0.67701,0.015724,9.331089,0.0021,102.01,0,270.8,334.222,340.29,1143.7,0,0
,,269,20.81690804,119.017305,0.00744555,0.18144125,0.607645,0.241896,9.310515,0.0002,102.0099,0,270.797,334.155,340.246,1143.699,0,0
,,270,20.82033643,119.07454,0.00748632,0.18374609,0.457205,0.38189,9.231767,0.0002,102.0111,0,270.794,334.175,340.273,1143.667,0,0
,,271,20.82348731,118.817907,0.00762858,0.18355841,0.170129,0.079455,9.210071,-0.0007,102.0107,0,270.808,334.18,340.278,1143.649,0,0
,,272,20.8242527,115.146665,0.00763441,0.18134879,-0.061557,-0.34018,9.131542,-0.0019,102.0092,0,270.815,334.169,340.316,1143.621,0,0
,,273,20.8236426,115.855287,0.00749294,0.17929198,-0.259194,-0.518034,9.110181,0.0001,102.0101,0,270.803,334.201,340.342,1143.524,0,0
,,274,20.81949985,122.159069,0.00741782,0.17831391,-0.558718,-0.77276,9.110215,0.0006,102.012,0,270.804,334.233,340.306,1143.494,0,0
,,275,20.8192617,120.133577,0.00744962,0.17900788,-0.840056,-1.25616,9.110173,0.0003,102.0114,0,270.798,334.194,340.278,1143.452,0,0
,,276,20.82306796,122.672106,0.00762457,0.18100492,-1.236035,-1.529963,9.110265,0.0004,102.0101,0,270.809,334.224,340.337,1143.415,0,0
,,277,20.82753009,118.408979,0.00792385,0.18083087,-1.111197,-1.978323,9.032508,0.0002,102.0085,0,270.815,334.275,340.423,1143.321,0,0
,,278,20.82962959,115.997233,0.0079137,0.17883171,-0.841152,-1.69801,9.011308,-0.0009,102.0087,0,270.818,334.306,340.391,1143.315,0,0
,,279,20.82742513,118.256941,0.00765787,0.17805459,-0.913099,-1.403825,8.932683,-0.0014,102.0093,0,270.806,334.312,340.38,1143.328,0,0
,,280,20.82290231,121.262171,0.00751016,0.17880299,-1.0376,-1.584234,8.911299,0.0006,102.0105,0,270.805,334.324,340.416,1143.324,0,0
,,281,20.8232363,120.218875,0.00751837,0.18110555,-1.247789,-1.821082,8.911141,-0.0001,102.0095,0,270.798,334.34,340.462,1143.333,0,0
,,282,20.82543943,117.800269,0.00760788,0.18351227,-1.314117,-2.143393,8.753174,0.0014,102.0079,0,270.79,334.413,340.569,1143.285,0,0
,,283,20.82634063,121.350509,0.00781016,0.18274129,-0.912167,-2.363996,8.710317,0.0028,102.0075,0,270.797,334.497,340.653,1143.281,0,0
,,284,20.82506159,116.709,0.00771214,0.18137858,-1.122861,-1.818033,8.710256,0.0019,102.0075,0,270.786,334.514,340.612,1143.284,0,0
,,285,20.82094849,118.817357,0.00762741,0.18044689,-0.993579,-2.133068,8.631698,0.0015,102.0078,0,270.78,334.516,340.646,1143.284,0,0
,,286,20.81665055,117.752227,0.00762949,0.18023469,-0.946251,-2.006765,8.531453,0.0014,102.0097,0,270.792,334.56,340.671,1143.274,0,0
,,287,20.81866148,118.300544,0.00775237,0.18192353,-0.883399,-1.956462,8.510596,-0.0017,102.0091,0,270.786,334.58,340.687,1143.279,0,0
,,288,20.82241925,119.804987,0.00796674,0.18398358,-0.622157,-1.624913,8.431087,0.0007,102.0096,0,270.78,334.583,340.625,1143.291,0,0
,,289,20.82554488,118.45506,0.00813175,0.18353612,-0.835194,-1.52204,8.410302,0.0007,102.0098,0,270.782,334.566,340.645,1143.242,0,0
,,290,20.8254061,115.720711,0.0079936,0.18246374,-0.573552,-1.634897,8.330738,0.0007,102.0103,0,270.788,334.606,340.685,1143.219,0,0
,,291,20.82024718,120.217426,0.00791429,0.18193002,-0.485915,-1.154352,8.3099,0.0008,102.0099,0,270.76,334.661,340.764,1143.185,0,0
,,292,20.81554837,117.307875,0.00794535,0.18253723,-0.869002,-1.064534,8.304146,-0.0013,102.0114,0,270.787,334.709,340.782,1143.099,0,0
,,293,20.81750955,116.468726,0.00820109,0.18466665,-0.863512,-1.528334,8.230294,-0.0006,102.01,0,270.796,334.734,340.809,1143.046,0,0
,,294,20.82093928,117.340547,0.008595,0.18599693,-1.047005,-1.69089,8.131527,0.0018,102.0097,0,270.798,334.768,340.884,1142.998,0,0
,,295,20.82245514,116.083377,0.00892951,0.1849964,-0.742768,-1.775804,8.050086,0.0012,102.0074,0,270.783,334.806,340.894,1142.978,0,0
,,296,20.82124776,115.899813,0.00898236,0.18412686,-0.487776,-1.502266,8.015258,0.0007,102.0074,0,270.766,334.819,340.897,1143.011,0,0
,,297,20.81699204,116.716468,0.00886432,0.18411076,-0.6972,-1.236552,8.01018,0.0005,102.0085,0,270.784,334.842,340.876,1143.028,0,0
,,298,20.8132577,118.074298,0.00872104,0.18572963,-0.584642,-1.30325,7.930448,-0.0001,102.0101,0,270.776,334.804,340.857,1143.03,0,0
,,299,20.8147049,117.944769,0.0086136,0.1889108,-0.952355,-1.450569,7.909691,0.0002,102.0094,0,270.765,334.836,340.932,1143.058,0,0
,,300,20.81755118,121.03468,0.0085438,0.19018577,-1.061815,-1.802283,7.909642,0.0002,102.0107,0,270.781,334.854,340.945,1143.102,0,0
,,301,20.81699805,120.052347,0.00827553,0.1885901,-0.606158,-2.017841,7.83136,0.0016,102.0093,0,270.765,334.877,340.975,1143.129,0,0
,,302,20.81479048,118.410005,0.00782906,0.18758507,-0.209317,-1.118027,7.810731,0.0015,102.0088,0,270.773,334.946,341.084,1143.152,0,0
,,303,20.81023089,117.570482,0.00754834,0.18746798,-0.54896,-0.699663,7.731786,0.0004,102.0096,0,270.768,335.014,341.15,1145.945,0,0
,,304,20.80784217,118.264002,0.00751173,0.188657,-0.68509,-1.359296,7.710322,0.0003,102.0075,0,270.779,335.038,341.176,1143.98,0,0
,,305,20.81097036,121.111813,0.00775303,0.19121063,-0.27241,-1.410499,7.710292,-0.0019,102.0084,0,270.801,335.078,341.224,1143.231,0,0
,,306,20.81258251,121.283567,0.00817891,0.19202755,-0.069003,-0.779132,7.552655,-0.0006,102.0101,0,270.804,335.115,341.268,1143.214,0,0
,,307,20.81262125,119.485949,0.00841711,0.19023483,-0.124862,-0.442386,7.509041,0.0002,102.0079,0,270.782,335.133,341.23,1145.407,0,0
,,308,20.8100483,120.074506,0.00846959,0.189132,-0.219328,-0.480949,7.4315,-0.0006,102.0077,0,270.786,335.123,341.212,1146.789,0,0
,,309,20.80404996,120.447593,0.0085145,0.18972456,-0.04669,-0.447359,7.409853,0.0008,102.0083,0,270.797,335.13,341.179,1145.834,0,0
,,310,20.80345732,116.058635,0.00864646,0.19200289,-0.024808,-0.402402,7.331099,0.0011,102.01,0,270.779,335.116,341.145,1144.198,0,0
,,311,20.806122,118.226926,0.00888362,0.1950273,-0.219102,-0.711446,7.309167,0.0019,102.011,0,270.783,335.101,341.173,1143.338,0,0
,,312,20.80842105,118.479855,0.00912516,0.1946557,-0.351054,-0.727517,7.309082,0.0015,102.0083,0,270.786,335.137,341.215,1145.923,0,0
,,313,20.80844167,118.799063,0.0089564,0.19266528,-0.349291,-0.924518,7.230313,-0.0014,102.007,0,270.786,335.18,341.273,1143.922,0,0
,,314,20.80561847,123.537234,0.00865382,0.1908769,-0.165738,-0.62353,7.208634,-0.0005,102.0081,0,270.796,335.189,341.23,1143.154,0,0
,,315,20.801196,119.597338,0.00843795,0.19083039,0.156928,-0.2353,7.208631,0.0011,102.008,0,270.799,335.192,341.219,1143.151,0,0
,,316,20.80381508,118.242655,0.00844264,0.1925617,0.38615,0.219569,7.131252,-0.0028,102.0083,0,270.776,335.234,341.283,1143.156,0,0
,,317,20.80955927,117.193939,0.00862731,0.19459883,0.364482,0.266345,7.031333,-0.0001,102.0069,0,270.783,335.271,341.309,1143.144,0,0
,,318,20.81335786,118.171243,0.00889496,0.19363287,0.548198,0.510741,7.009509,0.001,102.0068,0,270.784,335.253,341.26,1143.194,0,0
,,319,20.81386581,122.168492,0.00886625,0.19165032,0.368962,0.118575,6.930426,-0.0001,102.0076,0,270.785,335.187,341.102,1143.273,0,0
,,320,20.81058375,122.071584,0.00873509,0.1905955,0.256529,-0.12355,6.983142,-0.002,102.0081,0,270.786,335.143,341.063,1143.293,0,0
,,321,20.80682019,124.21184,0.00865979,0.19049206,0.396993,0.351419,6.929127,-0.0005,102.0084,0,270.786,335.126,341.063,1143.281,0,0
,,322,20.81071651,116.76985,0.00870757,0.19169435,0.325947,0.186111,6.830182,0,102.0087,0,270.778,335.133,341.006,1143.273,0,0
,,323,20.81635727,119.355247,0.00897284,0.19246814,0.503822,0.362439,6.805484,0.0025,102.007,0,270.778,335.094,340.948,1143.297,0,0
,,324,20.81873412,116.672716,0.0092097,0.19093813,0.505521,0.333709,6.807835,0.0015,102.0068,0,270.784,335.016,340.84,1143.274,0,0
,,325,20.81917333,119.526869,0.00919243,0.18782147,0.530213,0.262397,6.731453,0.0009,102.0081,0,270.788,334.942,340.751,1143.249,0,0
,,326,20.81643911,121.480714,0.00916046,0.18538457,0.791011,0.712249,6.709867,0.0012,102.0067,0,270.789,334.895,340.667,1143.247,0,0
,,327,20.81544635,121.235624,0.0092994,0.18437476,0.97304,0.984496,6.709897,0.0027,102.0052,0,270.779,334.839,340.612,1143.256,0,0
,,328,20.8210474,118.905924,0.00959974,0.18521986,0.818175,0.792372,6.709929,0.0019,102.0077,0,270.76,334.806,340.557,1143.264,0,0
,,329,20.8266388,120.971068,0.0100547,0.185323,1.291265,1.364475,6.631193,0.003,102.0054,0,270.767,334.786,340.485,1143.306,0,0
,,330,20.83006707,119.848276,0.01036607,0.18231974,1.242651,1.438808,6.609577,-0.0002,102.0082,0,270.785,334.725,340.407,1143.322,0,0
,,331,20.8304189,121.200395,0.01043045,0.17926406,0.938817,0.890428,6.530858,-0.0005,102.0079,0,270.781,334.652,340.281,1143.367,0,0
,,332,20.82666281,119.678401,0.01054036,0.17721045,0.7095,0.531225,6.509118,0.0002,102.0075,0,270.767,334.585,340.23,1146.434,0,0
,,333,20.82739649,122.620113,0.01072128,0.17633397,0.737907,0.573022,6.429804,-0.0018,102.0075,0,270.777,334.556,340.181,1147.222,0,0
,,334,20.83200566,118.098506,0.01100467,0.17764693,0.660444,0.470226,6.408708,0.0017,102.0078,0,270.782,334.516,340.063,1146.158,0,0
,,335,20.83681487,116.476109,0.01143271,0.17688795,0.594019,0.391277,6.331224,-0.0012,102.0065,0,270.777,334.459,339.995,1143.996,0,0
,,336,20.83951446,121.765567,0.01163567,0.17360619,0.831734,0.825403,6.309659,-0.0017,102.0059,0,270.793,334.439,339.944,1143.456,0,0
,,337,20.83801917,116.319223,0.01157846,0.17089015,0.81262,0.80613,6.309706,0.0001,102.0066,0,270.798,334.399,339.937,1143.466,0,0
,,338,20.83340269,118.97321,0.01153783,0.16915117,0.950056,1.041818,6.309821,0.0024,102.005,0,270.808,334.402,339.928,1143.509,0,0
,,339,20.83307555,120.116217,0.01164753,0.16873392,0.953277,0.971844,6.230832,0.0004,102.0066,0,270.784,334.397,339.895,1143.491,0,0
,,340,20.83823998,115.986459,0.01193911,0.16941459,0.885803,0.931978,6.208835,-0.0005,102.0067,0,270.798,334.365,339.857,1143.46,0,0
,,341,20.84147372,121.277843,0.01239922,0.16769608,0.959012,0.888678,6.130241,0.0005,102.0063,0,270.78,334.313,339.78,1143.377,0,0
,,342,20.84289585,122.828559,0.01266378,0.16460272,0.670417,0.67511,6.108463,0.0006,102.0062,0,270.782,334.261,339.714,1143.336,0,0
,,343,20.84129915,120.885161,0.01267957,0.16176823,0.655198,0.64755,6.108543,0.0007,102.0062,0,270.792,334.235,339.678,1143.32,0,0
,,344,20.83830345,125.798489,0.01274106,0.16058827,0.940828,0.872207,6.108592,0.0002,102.0057,0,270.796,334.216,339.648,1143.266,0,0
,,345,20.83978932,125.66005,0.01293886,0.16097868,0.514229,0.599462,6.108391,0.0008,102.0053,0,270.777,334.188,339.545,1143.248,0,0
,,346,20.84487859,126.354563,0.01334346,0.16311756,0.457779,0.131536,6.029237,0.0006,102.0042,0,270.787,334.136,339.477,1143.273,0,0
,,347,20.84761278,119.264892,0.01374357,0.16209777,0.237512,-0.115435,6.007816,0.0013,102.0049,0,270.786,334.065,339.39,1143.296,0,0
,,348,20.84748321,124.102728,0.01388058,0.1598028,0.494776,0.481915,6.005619,0.0019,102.0062,0,270.793,334.04,339.371,1143.26,0,0
,,349,20.84429419,120.842798,0.01386562,0.15800012,0.744563,0.583006,5.929176,0.0014,102.007,0,270.783,334.017,339.332,1143.263,0,0
,,350,20.84011844,123.68774,0.01391969,0.1575106,1.03922,1.159434,5.908838,-0.0004,102.0048,0,270.791,333.995,339.265,1146.053,0,0
,,351,20.84206248,121.021748,0.01395825,0.15782193,0.91997,1.202491,5.825916,0.0007,102.0055,0,270.778,333.954,339.181,1144.053,0,0
,,352,20.84586618,120.037934,0.01415798,0.15884723,1.08125,1.127789,5.8072,-0.0003,102.0056,0,270.798,333.877,339.062,1143.358,0,0
,,353,20.84932429,119.890646,0.0142357,0.15640172,1.032039,1.043353,5.808105,0.0006,102.0058,0,270.788,333.786,338.94,1143.396,0,0
,,354,20.85057384,118.604258,0.01402928,0.15353543,1.04467,0.994983,5.728612,0.0017,102.0069,0,270.777,333.748,338.884,1143.457,0,0
,,355,20.84876904,121.080524,0.01380705,0.15170723,0.366641,0.028891,5.70763,0.0015,102.008,0,270.78,333.741,338.874,1143.429,0,0
,,356,20.8473264,121.33793,0.01378849,0.15142205,0.149439,-0.185023,5.707593,0.0001,102.0053,0,270.787,333.727,338.788,1143.434,0,0
,,357,20.8506479,122.61285,0.0140039,0.15259013,0.319623,-0.100614,5.707545,-0.0005,102.0048,0,270.801,333.619,338.69,1143.451,0,0
,,358,20.85418609,124.992002,0.0143276,0.15303876,0.090038,-0.285458,5.628021,0.0003,102.0044,0,270.797,333.571,338.63,1143.446,0,0
,,359,20.85567185,120.636238,0.01444342,0.15035893,0.430771,0.009599,5.607069,0.0009,102.006,0,270.805,333.549,338.551,1146.191,0,0
,,360,20.8545105,122.387593,0.01426707,0.14765376,0.460698,0.132012,5.606996,0.0015,102.006,0,270.808,333.519,338.492,1144.134,0,0
,,361,20.85032249,122.059384,0.01402773,0.14617715,0.625363,0.357772,5.606834,0.0004,102.0051,0,270.792,333.439,338.369,1143.418,0,0
,,362,20.8480656,118.633855,0.01392294,0.14683019,0.472159,0.125427,5.528552,0.0006,102.0062,0,270.79,333.355,338.314,1143.436,0,0
,,363,20.85289036,122.348867,0.01404713,0.14848746,0.369541,-0.083507,5.507524,0.0005,102.0057,0,270.797,333.343,338.282,1143.432,0,0
,,364,20.85657788,119.484255,0.01436871,0.14869414,0.180356,-0.276231,5.507476,0.0007,102.0048,0,270.788,333.304,338.236,1143.441,0,0
,,365,20.85771616,120.083032,0.01465853,0.14594709,0.354698,0.153442,5.507655,-0.003,102.0058,0,270.787,333.305,338.223,1143.449,0,0
,,366,20.85691511,121.209672,0.01476233,0.14299752,0.345801,-0.172828,5.507666,-0.0003,102.008,0,270.778,333.294,338.224,1143.425,0,0
,,367,20.8532417,120.412315,0.01482353,0.14161256,0.301682,-0.043402,5.429036,0.0011,102.0054,0,270.78,333.297,338.203,1143.431,0,0
,,368,20.85387911,119.358027,0.014941,0.14158933,0.061692,-0.38886,5.407086,0.0008,102.0058,0,270.784,333.292,338.165,1143.397,0,0
,,369,20.85827095,124.837253,0.0151591,0.14335884,-0.115525,-0.821363,5.406997,0.0006,102.0039,0,270.801,333.246,338.082,1143.356,0,0
,,370,20.86250294,126.359793,0.01551252,0.14276623,0.005477,-0.507877,5.328649,0.0013,102.0055,0,270.779,333.151,337.91,1143.347,0,0
,,371,20.86341202,121.171105,0.01561129,0.14025793,-0.281113,-0.970313,5.306478,0.003,102.007,0,270.785,333.051,337.814,1143.37,0,0
,,372,20.86122865,118.765672,0.01558704,0.13849995,-0.35733,-0.972902,5.384929,0.0005,102.0054,0,270.783,333.034,337.797,1143.389,0,0
,,373,20.85660123,119.290376,0.01561894,0.13829723,-0.304507,-0.784491,5.328315,0.0015,102.0033,0,270.768,333.001,337.803,1143.339,0,0
,,374,20.856849,119.333138,0.0157922,0.13932714,-0.475371,-1.189856,5.306391,-0.0001,102.0029,0,270.775,332.982,337.741,1143.336,0,0
,,375,20.86058534,118.891474,0.01608348,0.14095326,-0.246433,-0.82665,5.30473,0.0002,102.005,0,270.783,332.961,337.661,1143.32,0,0
,,376,20.86320775,119.596482,0.01642937,0.13954682,-0.545873,-1.049641,5.305858,-0.0021,102.0063,0,270.775,332.907,337.573,1143.273,0,0
,,377,20.86176361,119.30513,0.01638561,0.13669826,-0.65899,-1.019855,5.306339,0.0001,102.0065,0,270.785,332.855,337.56,1143.278,0,0
,,378,20.85992273,117.798536,0.01613379,0.13460739,-0.532234,-1.114112,5.224443,-0.0015,102.0047,0,270.781,332.818,337.502,1142.631,0,0
,,379,20.85727936,119.286882,0.01593128,0.1339547,-0.440416,-0.96193,5.204783,0.0006,102.0042,0,270.781,332.823,337.456,1141.336,0,0
,,380,20.85932505,119.898903,0.01593174,0.13483267,-0.553324,-1.241428,5.128347,0.0018,102.0042,0,270.785,332.774,337.357,1141.174,0,0
,,381,20.86388052,121.889146,0.01616031,0.13610984,-0.53298,-1.103804,5.106985,-0.0005,102.004,0,270.763,332.725,337.343,1140.469,0,0
,,382,20.86708006,125.406121,0.01639911,0.13453605,-0.428603,-0.909798,5.107043,0.0014,102.0044,0,270.766,332.708,337.288,1142.554,0,0
,,383,20.86699415,120.104617,0.01646563,0.13228216,-0.45213,-0.844626,5.106899,0.003,102.0058,0,270.789,332.661,337.232,1143.171,0,0
,,384,20.86512485,122.999243,0.01646257,0.13060727,-0.490054,-1.067102,5.106941,0.0033,102.0057,0,270.78,332.631,337.149,1143.156,0,0
,,385,20.86172903,123.452567,0.01649626,0.13015969,-0.705317,-1.318418,5.106984,0.0018,102.0042,0,270.773,332.589,337.109,1143.177,0,0
,,386,20.86394697,119.182189,0.01662771,0.13088256,-0.835732,-1.442722,5.107011,-0.0001,102.0065,0,270.77,332.552,337.114,1143.156,0,0
,,387,20.86914994,120.161246,0.01686654,0.13150511,-0.687406,-1.1465,5.028768,0.0006,102.0049,0,270.767,332.559,337.08,1143.189,0,0
,,388,20.8713388,121.242769,0.01695603,0.12986148,-0.439216,-0.870179,5.006736,0.0008,102.004,0,270.774,332.533,337.045,1143.208,0,0
,,389,20.87194871,121.356609,0.01670536,0.12742634,-0.319273,-0.631195,5.006821,0.0023,102.0029,0,270.786,332.54,337.06,1143.245,0,0
,,390,20.86988732,127.396207,0.016428,0.12588144,-0.574069,-1.024146,5.006789,0.0017,102.0041,0,270.771,332.527,337.019,1143.285,0,0
,,391,20.86757406,124.392119,0.01626675,0.12575363,-0.401754,-0.718225,4.928195,0.0014,102.0045,0,270.771,332.492,336.961,1143.36,0,0
,,392,20.87053092,119.930912,0.01629389,0.12761423,-0.179754,-0.52527,4.90603,0.0013,102.0025,0,270.745,332.454,336.922,1143.386,0,0
,,393,20.87402748,118.674422,0.01651564,0.12884338,-0.337321,-0.59134,4.906063,0.0007,102.0035,0,270.747,332.444,336.92,1143.433,0,0
,,394,20.87408379,119.612137,0.0166515,0.12722557,-0.257306,-0.644267,4.906101,0.0003,102.0036,0,270.761,332.441,336.904,1143.444,0,0
,,395,20.87200013,120.635396,0.01656358,0.12548796,-0.130658,-0.53753,4.906045,-0.0008,102.0033,0,270.776,332.43,336.872,1143.478,0,0
,,396,20.86633641,126.108499,0.01653251,0.12493642,-0.033779,-0.361629,4.829058,-0.0009,102.0017,0,270.762,332.36,336.751,1143.511,0,0
,,397,20.86357194,126.822667,0.01663966,0.12583633,0.4029,0.181353,4.728993,0,102.0038,0,270.76,332.227,336.515,1146.257,0,0
,,398,20.86567531,124.116648,0.01694782,0.12753122,0.400685,-0.165425,4.706697,0.0003,102.0028,0,270.766,332.074,336.378,1144.32,0,0
,,399,20.86851544,121.002455,0.0173232,0.12749624,0.558386,0.47015,4.706831,0.002,102.001,0,270.772,332.032,336.358,1143.568,0,0
,,400,20.86941593,122.791026,0.01743937,0.12515509,0.422055,0.377666,4.706776,0.0027,102.0014,0,270.771,332.03,336.302,1143.562,0,0
,,401,20.8689601,122.101669,0.01726233,0.12306435,0.270919,0.11535,4.706767,0.0025,102.0029,0,270.775,332.035,336.286,1143.555,0,0
,,402,20.86634087,120.704623,0.01704449,0.12262178,0.371281,0.023036,4.70663,0.0014,102.003,0,270.767,332.027,336.252,1143.518,0,0
,,403,20.86672126,123.804848,0.01694389,0.12326885,0.295061,-0.003571,4.705973,0.0002,102.0019,0,270.772,331.979,336.161,1147.598,0,0
,,404,20.87166714,122.252188,0.01700586,0.12540336,-0.283426,-0.873047,4.706356,-0.0001,102.0006,0,270.766,331.915,336.106,1147.567,0,0
,,405,20.87483496,122.749612,0.01716057,0.12468568,-0.040491,-0.31958,4.706551,0.0017,102,0,270.766,331.913,336.117,1144.402,0,0
,,406,20.87515679,122.368434,0.01701156,0.12260287,0.261851,-0.099719,4.703231,0.001,102.0002,0,270.765,331.906,336.124,1145.675,0,0
,,407,20.87259397,122.180743,0.0167561,0.12119754,-0.207889,-0.691088,4.705742,0.0019,102.0013,0,270.769,331.934,336.125,1144.143,0,0
,,408,20.86654924,124.624336,0.01661846,0.12117345,-0.077929,-0.608771,4.706777,0.0025,102.0026,0,270.777,331.944,336.11,1143.57,0,0
,,409,20.86835567,126.238423,0.01667881,0.12208781,-0.22952,-0.715578,4.699075,0.0008,102.0014,0,270.762,331.932,336.091,1143.573,0,0
,,410,20.87262115,126.652811,0.01692418,0.12406162,-0.234441,-0.777399,4.704663,0.0027,101.9996,0,270.764,331.949,336.107,1143.571,0,0
,,411,20.87508,125.330236,0.01721103,0.12345145,-0.404694,-0.795777,4.706623,0.001,102.0003,0,270.752,331.96,336.068,1143.567,0,0
,,412,20.87490177,122.767354,0.01715459,0.12149473,-0.205403,-0.669583,4.627505,0.0013,102.0004,0,270.748,331.891,336.001,1143.525,0,0
,,413,20.87132446,119.585678,0.01701504,0.12092335,-0.44467,-0.735528,4.605783,0.0013,102.0008,0,270.756,331.857,336.009,1143.478,0,0
,,414,20.86606446,121.681062,0.01697852,0.12075047,-0.35784,-0.574878,4.526799,0.0018,102.0022,0,270.763,331.895,336.022,1143.455,0,0
,,415,20.86759143,119.662849,0.01708835,0.12233531,-0.222909,-0.451035,4.505057,0.003,102.0008,0,270.746,331.907,336.022,1143.432,0,0
,,416,20.87133597,117.927913,0.01730302,0.12422254,-0.077588,-0.503703,4.505229,0.0027,102.0008,0,270.76,331.872,335.942,1143.439,0,0
,,417,20.87326815,123.244043,0.01748177,0.1235982,-0.197589,-0.393251,4.505121,0.0009,102.0025,0,270.754,331.821,335.873,1143.425,0,0
,,418,20.87265615,123.557764,0.01734541,0.12129207,-0.166738,-0.154564,4.505034,-0.0016,102.0026,0,270.762,331.759,335.808,1143.412,0,0
,,419,20.86897422,122.515343,0.01717671,0.11968665,0.022734,0.045213,4.505167,0.0002,102.0026,0,270.754,331.715,335.732,1143.428,0,0
,,420,20.86561039,122.32225,0.01707525,0.12000534,0.287191,-0.031288,4.505165,0.0005,102.0023,0,270.764,331.694,335.695,1143.438,0,0
,,421,20.86763435,127.013167,0.0171377,0.12135532,0.023456,-0.279786,4.505237,0.0005,102.0002,0,270.744,331.718,335.706,1143.496,0,0
,,422,20.8716929,124.857576,0.01746295,0.12324226,0.024388,-0.368173,4.50528,0.0029,101.9991,0,270.736,331.694,335.731,1143.516,0,0
,,423,20.87492028,125.503766,0.01762506,0.12133066,-0.008384,-0.361495,4.505327,0.0004,102.0008,0,270.751,331.7,335.712,1143.559,0,0
,,424,20.87422976,121.596199,0.01748632,0.11944232,-0.128057,-0.400836,4.505174,0.0012,102.0002,0,270.742,331.706,335.715,1143.615,0,0
,,425,20.87154415,122.665975,0.01726459,0.11814391,-0.26921,-0.971399,4.428092,0.0005,102.0002,0,270.743,331.698,335.708,1143.595,0,0
,,426,20.86977295,119.86909,0.0171053,0.1186672,-0.4856,-1.217494,4.405834,0.0012,102.0023,0,270.742,331.692,335.683,1143.574,0,0
,,427,20.87294981,118.456732,0.01711554,0.1202845,-0.665636,-1.342368,4.405756,-0.0023,102.0003,0,270.752,331.634,335.586,1143.582,0,0
,,428,20.87624248,123.806707,0.01727443,0.1205762,-0.460752,-1.370827,4.405853,-0.0008,101.9999,0,270.724,331.581,335.616,1143.54,0,0
,,429,20.87733865,123.788007,0.01725288,0.11851355,-0.20136,-0.724282,4.405943,-0.0003,102.0005,0,270.731,331.618,335.627,1143.489,0,0
,,430,20.8756489,121.26387,0.01703959,0.116787,-0.195355,-0.771913,4.326974,0.0018,102.0014,0,270.722,331.611,335.589,1143.43,0,0
,,431,20.87115878,122.602219,0.01687202,0.11627077,0.112524,-0.318605,4.383184,0,102.0006,0,270.731,331.581,335.502,1143.391,0,0
,,432,20.87009975,120.458405,0.01690168,0.11686831,-0.189718,-0.575025,4.326972,-0.0031,102.0003,0,270.74,331.468,335.368,1143.391,0,0
,,433,20.87364066,119.111761,0.0171046,0.1185399,-0.180844,-0.602872,4.304805,-0.0006,102.0016,0,270.729,331.45,335.407,1143.386,0,0
,,434,20.87664084,120.85619,0.01730841,0.11853482,-0.290936,-0.679074,4.301814,0.0028,102.0032,0,270.735,331.537,335.508,1143.348,0,0
,,435,20.87724049,118.891801,0.01728249,0.11652051,0.109081,-0.247577,4.303974,0.0029,102.0036,0,270.726,331.588,335.566,1144.374,0,0
,,436,20.87639762,118.169986,0.01705495,0.11442737,0.265501,-0.218666,4.304822,-0.0009,102.0038,0,270.732,331.591,335.526,1143.702,0,0
,,437,20.87232596,118.059854,0.01688494,0.11390925,0.073906,-0.290215,4.304289,0.0003,101.9993,0,270.735,331.575,335.5,1143.429,0,0
,,438,20.87255239,119.145937,0.01674218,0.11482344,0.467316,0.158332,4.304652,0.0006,101.9993,0,270.719,331.571,335.504,1143.447,0,0
,,439,20.8762408,122.167143,0.01674301,0.11694146,0.127782,-0.359803,4.304775,0.0005,102.0001,0,270.735,331.573,335.536,1143.437,0,0
,,440,20.88032012,121.176851,0.01683743,0.11650595,-0.267484,-0.771289,4.30479,-0.0007,101.9998,0,270.723,331.551,335.51,1143.484,0,0
,,441,20.88095981,121.483898,0.01671108,0.11513359,-0.366512,-0.807851,4.226117,0.0002,102.0009,0,270.721,331.53,335.46,1143.488,0,0
,,442,20.87673168,120.172933,0.01660102,0.1141089,-0.860165,-1.52965,4.203909,0.0003,101.9992,0,270.737,331.538,335.464,1143.49,0,0
,,443,20.87183377,123.986003,0.01670478,0.11476461,-0.404443,-0.859358,4.203962,0.0006,101.9994,0,270.744,331.522,335.451,1143.44,0,0
,,444,20.87313351,121.07537,0.01695597,0.11669103,-0.415718,-1.046339,4.203809,-0.0011,101.9989,0,270.732,331.527,335.478,1146.13,0,0
,,445,20.87688356,122.619997,0.0173085,0.11858786,-0.425312,-0.995851,4.203865,-0.0003,101.9997,0,270.736,331.537,335.472,1144.153,0,0
,,446,20.87909199,118.179278,0.01772301,0.11717231,-0.470078,-1.018999,4.203956,-0.0018,102,0,270.718,331.549,335.498,1143.339,0,0
,,447,20.87876019,119.236825,0.0177606,0.11506361,-0.549872,-1.196925,4.204055,-0.0001,102.0005,0,270.722,331.589,335.518,1143.298,0,0
,,448,20.87539696,121.1523,0.01762668,0.1140187,-0.528267,-0.910165,4.12498,0.001,101.9998,0,270.725,331.604,335.52,1143.279,0,0
,,449,20.87156973,119.540649,0.01753777,0.11437884,-0.284881,-0.531065,4.102999,-0.0009,102.0004,0,270.733,331.579,335.489,1143.264,0,0
,,450,20.87373267,123.239069,0.01755369,0.11633772,-0.259231,-0.922228,4.102952,0.0011,101.9986,0,270.732,331.571,335.481,1141.109,0,0
,,451,20.8788376,122.105226,0.01772588,0.11797945,-0.45453,-0.728097,4.103042,0.001,101.9998,0,270.726,331.571,335.432,1141.625,0,0
,,452,20.8811286,124.693512,0.01787463,0.11668898,-0.426524,-0.73442,4.103051,0.0007,102.001,0,270.72,331.556,335.455,1142.867,0,0
,,453,20.88029573,124.85782,0.01778574,0.11481022,-0.628807,-1.151642,4.103127,0.0015,102.0002,0,270.731,331.554,335.49,1145.049,0,0
,,454,20.87796345,124.651195,0.01767108,0.11399047,-0.563593,-1.04489,4.103028,0.001,102.0017,0,270.74,331.567,335.499,1143.706,0,0
,,455,20.87553434,123.658943,0.01756808,0.1146206,-0.192924,-0.741496,4.103033,0.001,102.0007,0,270.723,331.551,335.439,1143.149,0,0
,,456,20.87838481,125.631644,0.01757025,0.11678885,0.215778,-0.112626,4.103086,0.002,102.0008,0,270.726,331.53,335.433,1143.132,0,0
,,457,20.88178667,120.966098,0.01769191,0.11729799,0.4569,0.247751,4.026115,0.0015,101.9997,0,270.726,331.524,335.37,1143.127,0,0
,,458,20.88280119,123.029163,0.01763677,0.11558047,0.147803,-0.255163,4.081207,0.0007,101.9996,0,270.737,331.491,335.374,1143.146,0,0
,,459,20.88017082,123.510424,0.01733537,0.11379951,-0.143883,-0.613597,4.025783,0.0014,101.9999,0,270.741,331.489,335.402,1143.21,0,0
,,460,20.87560283,121.03676,0.01707177,0.11317306,0.129282,-0.240923,4.003732,0.0006,101.9992,0,270.736,331.545,335.484,1143.245,0,0
,,461,20.87381059,121.553765,0.01693607,0.11348346,-0.009166,-0.21858,4.003679,-0.0006,101.9982,0,270.737,331.584,335.467,1143.27,0,0
,,462,20.87864529,121.970784,0.01698766,0.11525021,0.116506,-0.07528,4.001482,0.0007,101.999,0,270.733,331.567,335.439,1143.299,0,0
,,463,20.88227734,124.703711,0.01724861,0.11609665,0.066769,-0.141203,3.924303,0.0006,101.9985,0,270.742,331.563,335.396,1143.282,0,0
,,464,20.88314499,126.08243,0.01729883,0.11439309,0.222829,0.042557,3.902944,0.0018,101.9986,0,270.742,331.507,335.349,1143.294,0,0
,,465,20.88128212,119.032472,0.0171674,0.11279748,0.154139,-0.098695,3.901471,0.0002,101.9974,0,270.726,331.486,335.346,1143.271,0,0
,,466,20.87672963,124.61383,0.01712945,0.11245472,0.288771,-0.068553,3.902578,0.0015,101.997,0,270.714,331.487,335.331,1143.237,0,0
,,467,20.87615161,123.588835,0.01714924,0.11362415,0.158844,-0.159731,3.824406,0.002,101.9962,0,270.714,331.456,335.302,1143.22,0,0
,,468,20.87835126,119.19569,0.01728817,0.11591586,-0.058725,-0.566414,3.881215,-0.0002,101.9955,0,270.733,331.413,335.253,1143.233,0,0
,,469,20.87966382,121.018816,0.01752424,0.11597451,0.280632,-0.021225,3.824241,0.0009,101.9982,0,270.722,331.385,335.243,1143.219,0,0
,,470,20.87927072,120.757248,0.01750742,0.11406836,0.033453,-0.317511,3.881144,0.0037,101.9969,0,270.721,331.4,335.234,1143.176,0,0
,,471,20.87665218,118.029993,0.01729751,0.11262477,0.144742,-0.16109,3.902987,0.0036,101.9961,0,270.729,331.381,335.207,1143.147,0,0
,,472,20.87338366,123.306715,0.01721556,0.11256737,0.049602,-0.311907,3.903058,0.0034,101.9968,0,270.718,331.372,335.234,1143.14,0,0
,,473,20.87472862,119.593661,0.01728097,0.11364607,0.11252,-0.317972,3.903102,-0.0001,101.9965,0,270.713,331.406,335.284,1143.116,0,0
,,474,20.87992682,124.99781,0.01750974,0.1161556,-0.240031,-0.708575,3.823965,0.0008,101.9979,0,270.727,331.421,335.319,1143.145,0,0
,,475,20.88329586,119.93594,0.01777729,0.11562329,-0.358718,-0.803647,3.802668,0.0027,101.9983,0,270.716,331.461,335.341,1147.392,0,0
,,476,20.88321366,122.717889,0.0177446,0.11370305,-0.039565,-0.249519,3.802617,0.0013,101.9986,0,270.727,331.512,335.405,1148.359,0,0
,,477,20.87983118,119.709479,0.01761449,0.11313527,0.031908,-0.447191,3.802703,0.0015,101.9973,0,270.747,331.529,335.379,1144.21,0,0
,,478,20.87563424,121.859379,0.01770056,0.1134748,0.084082,-0.193627,3.802649,0.0005,101.9985,0,270.731,331.517,335.377,1143.099,0,0
,,479,20.87739918,118.465537,0.01791702,0.11585926,-0.296301,-0.693676,3.802544,0.0002,101.9964,0,270.738,331.546,335.427,1143.139,0,0
,,480,20.87966643,120.703871,0.01825321,0.1179364,-0.541521,-1.072149,3.802439,0.0004,101.9939,0,270.733,331.578,335.42,1143.159,0,0
,,481,20.88118931,122.368921,0.01849515,0.11637101,-0.467207,-0.873763,3.724517,0.0008,101.9947,0,270.721,331.568,335.403,1143.18,0,0
,,482,20.88056824,124.774584,0.01831078,0.11420532,-0.290216,-0.641432,3.702078,0.0005,101.9971,0,270.711,331.573,335.447,1145.577,0,0
,,483,20.87699804,126.325107,0.01796721,0.11323391,-0.042344,-0.353778,3.70225,-0.0016,101.9956,0,270.735,331.617,335.472,1143.844,0,0
,,484,20.87469117,121.076838,0.017648,0.11307109,0.136918,-0.369695,3.70214,0.0004,101.9963,0,270.726,331.596,335.408,1143.189,0,0
,,485,20.87790582,122.285764,0.01745877,0.11429877,-0.067229,-0.408717,3.702072,0.002,101.9969,0,270.712,331.568,335.441,1143.202,0,0
,,486,20.88163673,123.072223,0.0174794,0.11556063,-0.304206,-0.555538,3.701985,0.0023,101.9965,0,270.717,331.602,335.479,1143.185,0,0
,,487,20.88465078,121.498136,0.01743708,0.11411452,-0.104733,-0.396562,3.701982,0.0031,101.9971,0,270.737,331.643,335.527,1143.188,0,0
,,488,20.88398462,123.392832,0.01729248,0.11315152,-0.154544,-0.540399,3.701926,0.0012,101.9973,0,270.74,331.668,335.601,1143.197,0,0
,,489,20.87854477,121.230572,0.01715319,0.11246898,-0.108151,-0.510998,3.70197,-0.0002,101.9978,0,270.731,331.688,335.588,1143.215,0,0
,,490,20.87566191,121.10057,0.01722176,0.11316619,-0.005701,-0.272006,3.701029,-0.0001,101.9975,0,270.747,331.652,335.578,1143.281,0,0
,,491,20.87878056,120.17685,0.01747517,0.11511925,0.177068,-0.009889,3.624987,0,101.996,0,270.725,331.664,335.556,1146.052,0,0
,,492,20.88208631,116.868583,0.01784152,0.11624725,-0.160631,-0.467662,3.603194,-0.0006,101.9967,0,270.735,331.664,335.474,1144.126,0,0
,,493,20.88169635,118.869668,0.01799051,0.11521812,-0.094853,-0.629858,3.523054,0,101.9955,0,270.749,331.641,335.45,1143.359,0,0
,,494,20.87876132,123.021059,0.01781828,0.11369652,-0.172569,-0.56218,3.502306,-0.0013,101.9953,0,270.753,331.61,335.45,1143.353,0,0
,,495,20.87345303,119.578053,0.01765466,0.11322223,-0.072518,-0.398485,3.581031,0.0037,101.9961,0,270.75,331.648,335.493,1143.335,0,0
,,496,20.8719843,120.643744,0.01762088,0.11426378,0.013695,-0.214694,3.603293,0.002,101.9981,0,270.749,331.666,335.527,1143.314,0,0
,,497,20.87555264,119.374766,0.01780331,0.11655104,-0.227819,-0.874319,3.603334,0.0023,101.9948,0,270.743,331.711,335.597,1143.301,0,0
,,498,20.87947464,123.104077,0.01807217,0.11687721,-0.341339,-1.076017,3.603325,0.0021,101.9952,0,270.746,331.751,335.574,1143.301,0,0
,,499,20.881012,118.264255,0.0181243,0.11502354,-0.289075,-1.018821,3.603319,0.0018,101.9967,0,270.738,331.726,335.564,1143.287,0,0
,,500,20.87946737,121.769685,0.01793738,0.11292248,-0.190722,-0.988151,3.603238,0.0025,101.9957,0,270.732,331.735,335.555,1143.285,0,0
,,501,20.87616201,122.326385,0.01773508,0.11252408,-0.32721,-1.06981,3.525289,0.0032,101.9969,0,270.747,331.691,335.514,1143.237,0,0
,,502,20.87656718,118.19514,0.01766052,0.11388808,-0.277561,-1.051765,3.502736,0.0015,101.9971,0,270.755,331.662,335.525,1143.243,0,0
,,503,20.88022882,125.898602,0.01776834,0.11612913,-0.353558,-0.881824,3.502747,0.0013,101.996,0,270.766,331.668,335.541,1143.239,0,0
,,504,20.88286911,125.265791,0.01794398,0.11575821,-0.184731,-0.651162,3.424933,0.0017,101.9952,0,270.751,331.652,335.517,1143.21,0,0
,,505,20.88305221,118.72147,0.01792325,0.11461845,-0.294034,-0.725458,3.402184,0.0016,101.9955,0,270.761,331.644,335.487,1143.173,0,0
,,506,20.88030815,120.6378,0.01779587,0.11338338,-0.445917,-0.891549,3.402275,0.0009,101.9962,0,270.776,331.648,335.555,1143.129,0,0
,,507,20.87445794,120.295593,0.01775285,0.11343111,-0.316657,-0.74286,3.402263,0.0003,101.9956,0,270.771,331.698,335.598,1143.125,0,0
,,508,20.87516077,120.86379,0.01785357,0.11510192,-0.294369,-0.974542,3.40217,0.0012,101.9966,0,270.747,331.718,335.61,1143.094,0,0
,,509,20.87885991,125.487116,0.01806245,0.11661347,-0.102803,-0.658776,3.402228,0.0008,101.997,0,270.763,331.72,335.6,1143.062,0,0
,,510,20.88246548,123.158327,0.01818333,0.11546109,-0.044601,-0.684538,3.402251,0.0004,101.995,0,270.775,331.698,335.557,1143.027,0,0
,,511,20.88271986,119.971537,0.01789886,0.11291069,-0.139335,-0.697642,3.402312,-0.0001,101.9964,0,270.771,331.66,335.561,1143.024,0,0
,,512,20.87947007,122.638934,0.01752514,0.11168461,-0.374126,-1.016433,3.402411,0.0002,101.9965,0,270.76,331.685,335.616,1142.988,0,0
