,Time (s),Mass (g),O2 (Vol fr),CO2 (Vol fr),CO (Vol fr),HRR (kW/m2),MFR (kg/s)
0,0.0,36.829836,0.2094000953999999,0.000518085,1.15706e-05,2.731020866841739,0.0256929390740324
1,1.0,40.347649,0.2094291253999999,0.0005252677,1.44484e-05,1.0602448541104337,0.0256854130561423
2,2.0,40.561643,0.2094188206999999,0.0005391767,1.35195e-05,1.4595507021498193,0.0255254784743863
3,3.0,40.417364,0.2093672399,0.0005121495,1.14507e-05,4.517430196004084,0.0255675261212183
4,4.0,40.431949,0.2094132018,0.000490342,1.16456e-05,2.331865968853613,0.025568254563742
5,5.0,40.436611,0.2094482265,0.0004920162,1.35999e-05,0.4284632998755791,0.0254116152015833
6,6.0,40.361667,0.2094553387,0.0005080360999999,1.26601e-05,-0.1051218787332819,0.0258889630781546
7,7.0,40.257632,0.2094041465,0.0004790127999999,1.06276e-05,2.9776535640070416,0.0257822887529199
8,8.0,40.319803,0.2094127912,0.000462564,1.06778e-05,2.7277029909177064,0.0260431326835862
9,9.0,40.259457,0.2094646643999999,0.000471709,1.22014e-05,-0.189345272503673,0.0260595184982716
10,10.0,40.237327,0.2094751652,0.0004973255,1.03803e-05,-1.0056499725898322,0.0259877916041444
11,11.0,40.236871,0.2094414211,0.0004826153999999,7.420099999999999e-06,1.0143325704198938,0.0257702452455947
12,12.0,40.236935,0.209463242,0.0004641975,5.4577e-06,0.0964855602490963,0.0259433735289147
13,13.0,40.159716,0.2095028023,0.000469506,6.3588e-06,-2.105031797402281,0.0260501152447474
14,14.0,40.1385,0.2095046906,0.0004961119,5.8934e-06,-2.4541143869702395,0.0255975591415464
15,15.0,40.138227,0.2094448651,0.0004824843,3.0663e-06,0.8996826310344925,0.0254023961058027
16,16.0,40.216495,0.2094544541,0.0004701736,2.8938e-06,0.5384911847917381,0.0255380653691509
17,17.0,39.923352,0.2094841501,0.0004874806999999,6.4096e-06,-1.2501874208018349,0.0249325007229409
18,18.0,39.755926,0.2094848921,0.0005105449,8.5107e-06,-1.5464284378664035,0.0244915965492969
19,19.0,39.893119,0.2094556699,0.0005197082,7.752e-06,-0.1517963374580928,0.0241298331205686
20,20.0,39.908248,0.2094204976,0.0005112349,1.0237e-05,1.6298315134067192,0.0239209097457966
21,21.0,39.929361,0.2094505539,0.0005182594,1.42938e-05,0.0053690590474368,0.0238765680799007
22,22.0,39.690292,0.2094671606,0.0005580774,2.14433e-05,-1.358460051928695,0.0241144263705356
23,23.0,39.473423,0.2093910749,0.0005980304,2.64546e-05,1.9267236690034548,0.0241590886151764
24,24.0,39.28136,0.2093459345,0.0007049126,3.0054e-05,2.935114820149161,0.0236516216890097
25,25.0,39.316269,0.2093614159,0.0011774838,3.8131e-05,-2.7860503953859768,0.0236236284815151
26,26.0,39.33725,0.2092812848999999,0.001617403,4.4141800000000005e-05,-3.5794867835309483,0.0243198986100778
27,27.0,39.022788,0.2090130639,0.0024052324,4.75784e-05,1.541772155089702,0.0243401075113757
28,28.0,38.384133,0.2083616602,0.0032150205999999,5.05899e-05,25.718796126444552,0.0243461266868189
29,29.0,38.316437,0.2079803153,0.0036394288,5.40474e-05,40.06735914641081,0.0241688341482643
30,30.0,38.812804,0.2072743768,0.0042540893,6.0462500000000006e-05,68.78074922781653,0.0241838187347273
31,31.0,38.775955,0.2063252809999999,0.0048781978,6.41991e-05,110.01214023706817,0.0243022564261837
32,32.0,38.658488,0.2057489104,0.0051304707,6.58135e-05,135.90206436471902,0.0242619823933924
33,33.0,38.316719,0.2051076627,0.0053099569,7.17503e-05,166.59201241113402,0.0243735624020965
34,34.0,38.073401,0.2046229204999999,0.0053701516,7.74735e-05,192.39820316767344,0.0246768792029189
35,35.0,38.115343,0.2043738378,0.005344805,7.955689999999999e-05,202.2861174970432,0.0243293867454161
36,36.0,38.215164,0.2041300959,0.0051852869999999,8.07534e-05,216.2986712342144,0.024364544854591
37,37.0,38.155527,0.2040713183,0.0050441489,8.16737e-05,221.13642257592412,0.0244194313844613
38,38.0,37.917537,0.2041470917999999,0.0048535659,8.272649999999999e-05,217.6684056779996,0.0242384298616593
39,39.0,37.682079,0.2043218366,0.0047405617,7.8323e-05,213.01563952206777,0.0245564096479088
40,40.0,37.61551,0.204431279,0.0045319583,7.49239e-05,209.95811978647652,0.0245819326005365
41,41.0,37.946427,0.2047370052,0.0043260977,7.35205e-05,196.0427720857808,0.0244900606172846
42,42.0,37.873784,0.2049178543,0.0042071605,7.3942e-05,185.47822534268053,0.0241331560286155
43,43.0,37.183648,0.2050958276,0.0040731079,7.17976e-05,176.16567769220933,0.0238701876445411
44,44.0,36.86817,0.2052512808,0.0038938144,6.67355e-05,175.87168166655232,0.0246260746512437
45,45.0,37.477266,0.2053993478,0.0037925605,6.4899e-05,166.54239277656703,0.0241956536583493
46,46.0,37.635317,0.2056383619,0.0036907079,6.482100000000001e-05,158.12778310517194,0.0245629461532398
47,47.0,37.554088,0.2058042558,0.003646495,6.301290000000001e-05,149.45995511439975,0.0244282472089147
48,48.0,37.453595,0.2058475482,0.0035446439,5.84058e-05,148.027206380511,0.0243624360869145
49,49.0,36.956101,0.20598102,0.0034305231,5.64087e-05,142.27996232514585,0.0243104588856705
50,50.0,36.830444,0.2060844456,0.0033867292,5.73371e-05,140.1715370231593,0.024770381291921
51,51.0,36.913161,0.2061869689,0.0033535702,5.5295300000000006e-05,135.535229119473,0.024803186352941
52,52.0,37.014272,0.2062555356,0.0032680506999999,5.04929e-05,132.47892611114838,0.0246994344803528
53,53.0,36.954268,0.2063024084,0.0032050494,4.89091e-05,128.88124201165857,0.0243380088370961
54,54.0,36.605265,0.206421126,0.0031491575,5.04544e-05,124.6307865437948,0.0245581513000389
55,55.0,36.529579,0.2064917182,0.0031281951,5.12088e-05,120.1895267419484,0.0243364705809582
56,56.0,36.541732,0.2065012685,0.0030884593,4.91209e-05,121.3671587190101,0.0245810521115416
57,57.0,36.616533,0.2065183881,0.0030170913,4.7976900000000005e-05,119.3233181765722,0.0241865936860187
58,58.0,36.532049,0.2065896784999999,0.0029907247,4.89771e-05,117.3532380551488,0.0244595030549124
59,59.0,36.44748,0.2066772393,0.0029792939,5.14858e-05,113.75812877742229,0.0246150895837282
60,60.0,36.349324,0.2067229076,0.0029817942,4.94824e-05,110.6637452204754,0.0244387789429392
61,61.0,36.3288,0.2067013373,0.0029396695,4.6843400000000006e-05,112.6001083706102,0.0245199046277401
62,62.0,36.328871,0.2067657515,0.0029044278,4.69469e-05,110.462364606447,0.024684101812038
63,63.0,36.328778,0.2068235263,0.0028999553,4.8954000000000006e-05,106.03592548699947,0.0243365982121524
64,64.0,36.16998,0.2068359573,0.0029020687,4.7633e-05,104.34840362759962,0.0240900656286671
65,65.0,36.047915,0.2067950188,0.002845681,4.44768e-05,108.91420670833,0.0245205340168633
66,66.0,35.947775,0.2068206009,0.0028168579999999,4.44179e-05,105.36941811838687,0.0239388858775193
67,67.0,35.848687,0.2068916421,0.0028270674,4.66445e-05,102.7765861885917,0.0241827308532153
68,68.0,35.911358,0.2069025249,0.002846648,4.70374e-05,103.56921938708189,0.0245479008501584
69,69.0,35.851011,0.2068801291999999,0.0028476781,4.45394e-05,104.27278144487356,0.0244408821607719
70,70.0,35.747982,0.2068540271,0.0028148214,4.28034e-05,105.63088753162243,0.0243666328544651
71,71.0,35.650535,0.2068830918999999,0.0027988792,4.29859e-05,104.4860995269687,0.0244006012996457
72,72.0,35.630689,0.2069319226,0.0027994136,4.49295e-05,100.4170215654674,0.0240211511152314
73,73.0,35.630092,0.20692183,0.002791835,4.1919e-05,101.8251917999219,0.0242071456137172
74,74.0,35.525847,0.2068916776,0.0027554168,3.95153e-05,107.9366639455354,0.0251868018272671
75,75.0,35.442774,0.2069525256,0.0027275472,3.96651e-05,104.00801780913513,0.0249275947668415
76,76.0,35.421697,0.2070165684,0.0027346386,4.14727e-05,99.11439259800876,0.0245531219474549
77,77.0,35.271382,0.2070107843,0.0027460612,3.98515e-05,98.11929528241684,0.0242576584666187
78,78.0,35.232726,0.2069858512,0.0027063203,3.8521e-05,100.85545529483606,0.0245158303673512
79,79.0,35.232666,0.2070383672,0.0026908578,3.97989e-05,96.69056116475586,0.0241013102388116
80,80.0,35.232833,0.2070788714,0.0027130269,4.23532e-05,96.57143834807653,0.0246514115950151
81,81.0,35.149065,0.2070396458,0.0027054478999999,3.95241e-05,99.98713656379168,0.0249768382143487
82,82.0,34.972567,0.2070375433,0.0026774927,3.86559e-05,97.70186376804648,0.024303775541257
83,83.0,34.933646,0.2070927967,0.0026739086,4.05213e-05,96.46211014394402,0.0246903900894946
84,84.0,34.933609,0.2071128803,0.0027001486,4.08393e-05,93.90961266234434,0.0243652326309683
85,85.0,34.933959,0.2070736893999999,0.0026894236,3.726870000000001e-05,97.27260243456094,0.0246774422191588
86,86.0,34.85076,0.207082348,0.0026616428,3.67566e-05,97.25826489020292,0.0247087104584864
87,87.0,34.752571,0.2071197803,0.0026668023,3.86789e-05,95.55036355017135,0.0247807845960493
88,88.0,34.65123,0.2071280777,0.0026826225999999,3.78198e-05,93.23120024860192,0.0243254562932378
89,89.0,34.629902,0.2070740965,0.0026576546,3.62373e-05,96.84468100356274,0.0244854683668448
90,90.0,34.629902,0.2070997105,0.0026250415,3.67791e-05,95.56455940615922,0.0244027008822169
91,91.0,34.54914,0.2071417928,0.0026349839,4.06532e-05,92.91186915272324,0.0243045498831191
92,92.0,34.436384,0.2071396925999999,0.0026506824,4.1011700000000006e-05,92.67824641498756,0.0242601576518265
93,93.0,34.347087,0.207096883,0.0026365947,3.97123e-05,97.46616683601734,0.0248958601402006
94,94.0,34.228376,0.2070990465,0.0026092547,4.00221e-05,98.12352708241092,0.0250190919723045
95,95.0,34.226512,0.2071361003,0.0026028905,4.17205e-05,93.66771981954872,0.0243455578520318
96,96.0,34.152684,0.2071642591,0.0026164792999999,4.5121700000000005e-05,92.48862863076644,0.0244585601268773
97,97.0,34.133059,0.2071468641,0.0026337595,4.47875e-05,94.3485210992216,0.0247633125302681
98,98.0,34.05221,0.2071140295,0.0026180419999999,4.22613e-05,94.4499255741778,0.0243059496549713
99,99.0,33.951865,0.2071403093,0.0025923644,4.22123e-05,92.44163761690233,0.024055006413078
100,100.0,33.932859,0.2071722404,0.0025873978,4.3594e-05,91.71661102223318,0.0242730367656806
101,101.0,33.853383,0.2071821805,0.0026011575999999,4.441149999999999e-05,92.41996008579385,0.0246341960041245
102,102.0,33.833784,0.2071269613999999,0.0025735153,4.08826e-05,93.7378169935384,0.0241636583864036
103,103.0,33.751335,0.2071047727,0.0025474507,3.94221e-05,96.60639219634734,0.0245383703537055
104,104.0,33.573116,0.2071669665,0.0025320593,3.9918e-05,92.67295355507144,0.0242882445906316
105,105.0,33.614259,0.2072164795999999,0.0025301828999999,4.15536e-05,89.73903916758655,0.0241651146066312
106,106.0,33.553922,0.2072223846,0.0025472515,4.06086e-05,89.59489107053494,0.0242486070537072
107,107.0,33.53441,0.2071707810999999,0.0025105104,3.93111e-05,93.20072312908157,0.0244151403023145
108,108.0,33.533662,0.207201622,0.0024895153,4.01465e-05,92.88157735634516,0.0246867657241576
109,109.0,33.375942,0.2072681292,0.0024876681,4.33146e-05,89.49622482159315,0.0246923579037933
110,110.0,33.306375,0.2072907641999999,0.002508188,4.43187e-05,88.02236619306564,0.024666346038458
111,111.0,33.24427,0.2072395007,0.0024890254,4.21072e-05,90.0047168596965,0.0244346471399171
112,112.0,33.230795,0.2072769964,0.0024671892,4.20107e-05,89.49414834498248,0.0247501363970255
113,113.0,33.230887,0.2073167064,0.0024753162,4.38243e-05,88.16641833732737,0.0249788942567754
114,114.0,33.150223,0.2073107108,0.0024901645,4.244279999999999e-05,87.58300921972932,0.0247648449671529
115,115.0,33.05371,0.2072564841,0.0024576982,3.96684e-05,90.7201786737109,0.024761821861356
116,116.0,32.95212,0.2072668206,0.0024294059,3.90093e-05,89.99296969345964,0.0246216925871382
117,117.0,32.932514,0.2073148151,0.0024230688,4.19704e-05,87.79114959517281,0.024680383865011
118,118.0,32.932918,0.2073174443,0.0024326475,4.23298e-05,87.25948603043479,0.0245982610861854
119,119.0,32.854229,0.2072898398,0.0023985815,3.97853e-05,89.61859956329504,0.0247539278888506
120,120.0,32.754828,0.2073282496,0.0023600149,4.04459e-05,88.95411505293096,0.0250045107003189
121,121.0,32.736562,0.2073718036,0.0023532132,4.27227e-05,85.63205884924916,0.0246820556334106
122,122.0,32.654579,0.207384637,0.0023635862999999,4.36459e-05,84.64111842748127,0.0246194516206038
123,123.0,32.633673,0.2073467944,0.0023213073,4.24472e-05,85.3791040636008,0.0241555429705738
124,124.0,32.552281,0.2073681343,0.0022944933,4.28978e-05,86.73550417348034,0.0247683239778883
125,125.0,32.534741,0.2074416577999999,0.0022908181,4.63486e-05,84.25978283161302,0.0251517779021792
126,126.0,32.53242,0.2074719319,0.0022989007,4.85314e-05,80.36675561389065,0.0244804884888434
127,127.0,32.375368,0.2074735965,0.002303157,4.753280000000001e-05,80.61971121750277,0.0245914758561435
128,128.0,32.380251,0.2074349897,0.0022546522,4.61675e-05,83.73347048009258,0.0247782566687453
129,129.0,32.3462,0.2074597457,0.002222546,4.65244e-05,82.59684480579227,0.0247152558768217
130,130.0,32.334951,0.2075218869,0.0022245829,4.98386e-05,80.34839493553397,0.0250219431018815
131,131.0,32.335212,0.2075191188,0.002229212,4.8347700000000005e-05,79.14025008536953,0.02460921074785
132,132.0,32.176869,0.2074924872,0.0021869835,4.76253e-05,81.59824988952654,0.0248085688056672
133,133.0,32.137436,0.2075733793999999,0.0021614891,4.98017e-05,77.23863696744003,0.0246584268505348
134,134.0,32.055839,0.207612113,0.0021694725,5.23835e-05,75.43650140046913,0.0247532310041619
135,135.0,32.036328,0.2076014972,0.0021596354,5.07502e-05,77.97408545153046,0.0253598276133412
136,136.0,32.036226,0.2075932469,0.0021095633,5.01677e-05,78.56611522214617,0.0252342959966734
137,137.0,31.956212,0.2076507839,0.0020910109,5.19106e-05,74.2421492528122,0.0247310903934692
138,138.0,31.85773,0.2077030104,0.0020865262,5.53283e-05,71.18338199609053,0.0245953779352777
139,139.0,31.75609,0.2077057889,0.0020859696,5.57018e-05,71.94883083982012,0.0249092183437024
140,140.0,31.818263,0.2076796244,0.0020529754,5.47575e-05,72.7465800550778,0.0246016834469784
141,141.0,31.757621,0.207728263,0.0020251008,5.75137e-05,70.29898151092813,0.0245199069729494
142,142.0,31.736854,0.2077672759,0.0020293185999999,6.09085e-05,68.29808641416516,0.0245443102294206
143,143.0,31.573506,0.207760193,0.0020328876,6.09759e-05,68.80002031039011,0.0246098906977089
144,144.0,31.533807,0.2077235444,0.0019980813,6.14874e-05,70.88986404658537,0.0245680005980035
145,145.0,31.453966,0.2077750026,0.0019929673,6.36647e-05,68.93621830197056,0.0247939144321336
146,146.0,31.436056,0.2078030424,0.0020296255,6.77875e-05,66.38279930694857,0.0245486100877914
147,147.0,31.436258,0.2077521675999999,0.0020307681999999,6.716569999999999e-05,68.74185823430807,0.0244751300977761
148,148.0,31.358816,0.2077536641,0.0019995692,6.783390000000001e-05,69.22465848250899,0.0245613349632202
149,149.0,31.254688,0.2078308581,0.0020062738999999,7.24632e-05,65.97616932996586,0.0248624280539518
150,150.0,31.156804,0.2078439742999999,0.0020241918,7.35936e-05,64.74076264371067,0.0247270450693601
151,151.0,31.13711,0.2077888704,0.0020041485,7.10471e-05,67.22779787029143,0.0245190604665732
152,152.0,31.215898,0.2078157406,0.0019861882,7.14664e-05,66.01197898556195,0.024503104936244
153,153.0,31.156217,0.2078443781,0.0020086133,7.4011e-05,64.27280277011073,0.024496438525966
154,154.0,31.05938,0.2078172136,0.002010511,7.24712e-05,67.72269965961432,0.0252708421943443
155,155.0,30.954375,0.2077719563999999,0.0019868322999999,7.12066e-05,68.75855484750456,0.0246985215415794
156,156.0,30.856382,0.207816943,0.0019790473,7.30151e-05,66.87696098452739,0.0248288933636389
157,157.0,30.836599,0.2078472341,0.0019931535,7.515749999999999e-05,64.80033329631429,0.0246980964408777
158,158.0,30.836527,0.2078310756999999,0.0020087921,7.29511e-05,64.69121258514616,0.0243954046337553
159,159.0,30.757091,0.2077798213,0.0019791617,6.96949e-05,67.6928206178288,0.0244192919376602
160,160.0,30.655685,0.207820607,0.0019624458,6.90988e-05,66.40071721471658,0.0246306068283093
161,161.0,30.55675,0.2078642151,0.0019787464,7.13839e-05,63.90531002911714,0.0246013601714975
162,162.0,30.536582,0.2078441889999999,0.0019934163999999,6.89162e-05,64.38382978176642,0.0244409110087758
163,163.0,30.537155,0.207812223,0.0019689227,6.739679999999999e-05,67.04563603894069,0.0247261661965735
164,164.0,30.537084,0.2078681198,0.0019671763,6.97039e-05,63.70823394684019,0.0245432779533162
165,165.0,30.458367,0.2078822930999999,0.0020019823,7.12659e-05,62.37553992467149,0.024455212393925
166,166.0,30.356082,0.207863084,0.0020065673,7.03466e-05,62.94942035166995,0.0243162472990645
167,167.0,30.256375,0.2078232115999999,0.0019707635,6.95873e-05,64.766139564823,0.0241070750478978
168,168.0,30.23688,0.2078742883,0.0019624601,7.15955e-05,63.377362681582255,0.0245292128948476
169,169.0,30.237038,0.2078898591999999,0.0019809433,7.52012e-05,61.91249579718531,0.0243628057858018
170,170.0,30.237541,0.2078494774,0.0019882148,7.43571e-05,63.96902812888118,0.0243991978258009
171,171.0,30.237441,0.207812825,0.0019741035,7.43863e-05,66.26888564166343,0.0245156845158879
172,172.0,29.996916,0.2078346929,0.0019687776,7.69319e-05,65.91487169735008,0.0247925703594526
173,173.0,29.852664,0.2078643092,0.0019831739,8.092459999999999e-05,63.80311445749812,0.0246459604835608
174,174.0,29.833404,0.2078553449,0.0020142996,8.01044e-05,63.01124411865244,0.0242867835878686
175,175.0,29.915401,0.2077824875,0.0019960059,7.718530000000001e-05,67.23719025350225,0.0244133611671444
176,176.0,29.854054,0.2078111432,0.0019858003,7.70902e-05,66.43026534621897,0.0246069231086589
177,177.0,29.755545,0.2078399036,0.0020125827,7.777769999999999e-05,64.42998133419496,0.0245112201504269
178,178.0,29.735856,0.207787944,0.0019913171,7.38203e-05,68.11662339577687,0.0247941156538675
179,179.0,29.655688,0.2077786537,0.0019715397,7.23653e-05,68.53782730800235,0.024690538319964
180,180.0,29.637014,0.2078314420999999,0.0019742908,7.35555e-05,65.52192378697228,0.0245827035501906
181,181.0,29.55392,0.2078501509,0.0019936767,7.52313e-05,64.84885244613874,0.0247758155420389
182,182.0,29.533615,0.2078446136999999,0.0020172201,7.27408e-05,64.5681557256459,0.0246397125282169
183,183.0,29.425756,0.2077970513,0.0019943098,7.00373e-05,67.28965704857136,0.024648485165202
184,184.0,29.263658,0.2078202487,0.0019848474,7.00683e-05,66.88956340295812,0.0249000389374655
185,185.0,29.313424,0.2078473878,0.0020027883,7.19778e-05,64.61313766614226,0.0246473114392173
186,186.0,29.252693,0.2078233682,0.0020127881,6.868299999999999e-05,66.15814949498646,0.0247882389660381
187,187.0,29.233212,0.2077740333,0.001983386,6.61763e-05,70.50361169435574,0.0253183741232458
188,188.0,29.155291,0.2078329675,0.0019730863,6.6736e-05,67.34590442240375,0.0252460985783733
189,189.0,29.135256,0.2078550028,0.0020053551,6.792819999999999e-05,64.9520443006065,0.0249085108547186
190,190.0,29.055943,0.2078266765,0.0020129523,6.47431e-05,65.47354114601458,0.0245692873836412
191,191.0,28.952831,0.2077929849999999,0.0019971519,6.28121e-05,66.93258150081408,0.0244081062573848
192,192.0,29.0179,0.2078489192,0.0019987291,6.419000000000001e-05,64.97375907877905,0.024746114231883
193,193.0,28.954192,0.2078590041,0.0020292092,6.40466e-05,64.66204779800299,0.0249474084954495
194,194.0,28.852934,0.2077893870999999,0.002021477,6.0853e-05,69.94269105686084,0.0255209489923408
195,195.0,28.757652,0.2077935764,0.0019908681,5.96742e-05,68.56993197188356,0.0249715428983186
196,196.0,28.655258,0.2078400199,0.0019996332,6.05365e-05,65.79052521820424,0.0248631329465146
197,197.0,28.633613,0.2078470681,0.0020209299999999,6.0252300000000006e-05,64.19592528359514,0.024477005337602
198,198.0,28.63354,0.2078002614,0.0020013564,5.62012e-05,66.00388000492144,0.0241758698170105
199,199.0,28.633671,0.2078305133,0.0019864993,5.5851800000000006e-05,65.8175342894593,0.0246084824309549
200,200.0,28.553262,0.2078643285,0.0020051002,5.78606e-05,64.10591491922757,0.0246970169582621
201,201.0,28.43617,0.2078694923,0.0020459004,5.66094e-05,63.34074166507568,0.0246606566526909
202,202.0,28.34869,0.2078144246,0.0020411878,5.50637e-05,66.24710359571064,0.0246748386720954
203,203.0,28.324733,0.2078479164999999,0.0020392442,5.635270000000001e-05,65.2315976520258,0.0249367692775153
204,204.0,28.332179,0.2078582943,0.0020744462,5.9078100000000006e-05,64.43665928055893,0.0249992742443809
205,205.0,28.334001,0.2078317502,0.0020910835,5.7328300000000005e-05,65.52070026944482,0.0249486207046526
206,206.0,28.254629,0.2077655248,0.0020743982,5.48265e-05,67.99040156299738,0.0245341123746811
207,207.0,28.151526,0.2078003185,0.0020886492,5.65521e-05,65.46986985041363,0.0243162962248193
208,208.0,28.054208,0.2077928761,0.0021154607,5.64557e-05,66.41462895793191,0.0246316127726259
209,209.0,28.034473,0.2077447617,0.0021187126,5.32333e-05,69.60112701217216,0.0248922473494532
210,210.0,28.034716,0.2077039821,0.0020907149,5.12163e-05,72.32104530587154,0.0249960444812881
211,211.0,28.034267,0.2077441238,0.0020812012,5.16942e-05,68.9014411305211,0.0244804753295997
212,212.0,27.953452,0.20777102,0.0020943148,5.301819999999999e-05,68.14446295633213,0.024755285810556
213,213.0,27.851749,0.2077648419,0.0021106883,5.19919e-05,67.05619228375915,0.0243032869705616
214,214.0,27.75385,0.2076974918,0.0020803272,4.86819e-05,70.98620600537963,0.0243698408382984
215,215.0,27.735048,0.2077346912,0.0020668974,4.95887e-05,69.36469571761114,0.0244109559157034
216,216.0,27.812026,0.2077673856,0.0020746213,5.23286e-05,67.58731499243446,0.0244076050995035
217,217.0,27.675593,0.2077619363999999,0.0020941792,5.2971e-05,68.64769324479396,0.024769293027694
218,218.0,27.635569,0.2077442521,0.0020860285,5.10692e-05,69.83137623715515,0.0248275194233471
219,219.0,27.533021,0.2077258545,0.00206127,5.09851e-05,70.67250259233455,0.0247010283798927
220,220.0,27.448612,0.2077765294,0.0020720955,5.29444e-05,66.33106709098405,0.0241119556753956
221,221.0,27.508936,0.2077786708,0.0021042151,5.36432e-05,67.03656806829325,0.0245346731208128
222,222.0,27.451295,0.2077168044,0.0020977016,5.03973e-05,71.1152989195086,0.0248260424194992
223,223.0,27.43523,0.2077259745,0.0020810127,4.95437e-05,70.09170176635507,0.024563891545201
224,224.0,27.271216,0.2077649977,0.0020897647,5.23448e-05,67.74397179664483,0.0244781812890397
225,225.0,27.232468,0.2077583828999999,0.0021170356,5.21123e-05,68.15737889022179,0.0246089806738873
226,226.0,27.155043,0.2077230133,0.0021154249,5.06286e-05,70.76577406731444,0.0248821253415979
227,227.0,27.135298,0.2077070854999999,0.0020851381,4.96788e-05,71.04620785124717,0.0245800906448442
228,228.0,27.214202,0.2077577635,0.0020888185,5.2108700000000005e-05,67.90966401311395,0.0244019195300958
229,229.0,27.076624,0.2077654921999999,0.0021054651,5.3495e-05,68.42615819743516,0.0248012943848175
230,230.0,26.954044,0.2077160641,0.0021067125,5.00237e-05,70.28354246484429,0.0245534126991468
231,231.0,26.853557,0.2077072358999999,0.0020876185,4.87192e-05,70.80872648406053,0.0245037839214994
232,232.0,26.755444,0.2077439985999999,0.0020949142,5.12915e-05,69.52201813574723,0.0247477828505874
233,233.0,26.813685,0.2077482723,0.0021204572999999,5.26274e-05,68.46379946708187,0.0245516306083779
234,234.0,26.835085,0.2077213467,0.0021232588999999,5.08491e-05,69.63402461451552,0.0244849002415512
235,235.0,26.754192,0.2076775563,0.002095122,4.9479e-05,72.03781590710841,0.0244449668860924
236,236.0,26.736752,0.2077278211,0.0020905103,5.05921e-05,70.36716239727352,0.0247349715535365
237,237.0,26.554451,0.2077517451,0.0021129386999999,5.24862e-05,68.8117250756485,0.0247102488398185
238,238.0,26.529142,0.2077185224,0.0021279741,4.93769e-05,69.27328599976543,0.024316768611725
239,239.0,26.530344,0.2076752013999999,0.0021197656,4.779e-05,71.26871819280896,0.02422100674442
240,240.0,26.53353,0.2077061249,0.002124803,4.84605e-05,71.97795900909824,0.0250247823044619
241,241.0,26.534166,0.2077310228,0.0021610835,5.08439e-05,68.1329775456104,0.0242647983214308
242,242.0,26.369432,0.2077074288,0.0021812539,4.95113e-05,70.37031071455785,0.0247026448888591
243,243.0,25.932782,0.2076444209,0.0021569894,4.73297e-05,73.36582887836325,0.0245363922132259
244,244.0,26.072304,0.2076736357,0.0021416399,4.78899e-05,72.80837110079577,0.024796580832033
245,245.0,26.294205,0.2077096309,0.0021561425,5.05541e-05,69.94448583089425,0.0245060288846255
246,246.0,26.253353,0.2076758634,0.0021783735,4.9052e-05,72.34099790148285,0.0248158154571567
247,247.0,26.073719,0.2076261536,0.002158722,4.72274e-05,74.29192719469364,0.0245435594940025
248,248.0,25.953972,0.2076449856,0.0021360913,4.75844e-05,74.57237245726023,0.0248767238861067
249,249.0,25.934172,0.2076859968,0.0021600789,5.11456e-05,70.6390369039041,0.0243529353857526
250,250.0,25.933355,0.2076905831,0.0021741234,5.05713e-05,70.3411465389417,0.0243765038074447
251,251.0,25.933507,0.2076454379,0.0021538631,4.88165e-05,73.09450058153799,0.0244604139334097
252,252.0,25.933448,0.2076553217,0.0021369182,4.85335e-05,74.00789245257224,0.0248731184852029
253,253.0,25.766963,0.2077022455,0.0021442514,5.08096e-05,70.82177854368086,0.0246400310938672
254,254.0,25.731428,0.2077007967,0.0021774724,4.97658e-05,70.53765653246438,0.0246311171269715
255,255.0,25.632494,0.2076642787,0.0021698633,4.73516e-05,72.37240209853671,0.0245849962141698
256,256.0,25.707479,0.2076577964,0.0021451108,4.66645e-05,71.85405520103077,0.0242083465036931
257,257.0,25.729767,0.2077037459,0.0021633325,5.01564e-05,70.77399701368147,0.0247161322608117
258,258.0,25.652763,0.207704334,0.0021938408,5.0140100000000005e-05,71.1683904314365,0.0249781546060501
259,259.0,25.550841,0.2076291116999999,0.0021792112,4.8103e-05,75.7090534997028,0.0251400976375895
260,260.0,25.45074,0.2076348639,0.0021657222,4.8514e-05,74.29316656520558,0.0247219929883812
261,261.0,25.432819,0.207668766,0.0021790132,5.08687e-05,72.55142002322837,0.0247772998152197
262,262.0,25.432272,0.2076352203,0.0021937836999999,4.82774e-05,73.35050691562533,0.024510772896816
263,263.0,25.352803,0.2075826464,0.002171761,4.5947e-05,76.02135376100472,0.0244312375776267
264,264.0,25.412525,0.207618596,0.0021563233,4.65916e-05,74.73099874147394,0.0245507263111288
265,265.0,25.353369,0.2076513293,0.0021617571,4.923849999999999e-05,73.57807680048953,0.0247529303661623
266,266.0,25.170547,0.2076301119,0.0021768165,4.775e-05,74.19269530346925,0.0246429657240876
267,267.0,25.053261,0.2075967986,0.0021438045,4.68145e-05,76.94098183727444,0.0248685245172935
268,268.0,25.03437,0.2076406755,0.0021302293,4.814459999999999e-05,74.0544512354075,0.0246139228238665
269,269.0,25.11267,0.2076708126999999,0.0021514709,5.0718200000000005e-05,70.67896119220202,0.0240746866703237
270,270.0,25.132684,0.2076299771,0.0021517791,4.84947e-05,73.62761058914795,0.0243706548857698
271,271.0,24.965641,0.2075958898,0.002137621,4.77003e-05,75.07075297471587,0.0242336261156115
272,272.0,24.850254,0.2076358081,0.0021271178,4.87451e-05,73.39483377310442,0.0243065862092089
273,273.0,24.737536,0.2076709429,0.0021352383,5.13388e-05,72.70224056471095,0.024711375905715
274,274.0,24.72747,0.2076625294,0.0021732145,5.07478e-05,71.95154921970172,0.0244440458228232
275,275.0,24.730624,0.2076090254,0.0021711109,4.76982e-05,74.47570033778071,0.0243663428641077
276,276.0,24.730532,0.207614471,0.002157658,4.6772000000000006e-05,74.50334508752327,0.0244135743901292
277,277.0,24.730735,0.207649647,0.0021755908,4.94146e-05,72.09610298933347,0.0242754667905096
278,278.0,24.649825,0.2076285149,0.0021977306,4.90258e-05,73.45757715454523,0.0244521028658128
279,279.0,24.550622,0.2075977739,0.0021909877,4.729180000000001e-05,75.76216586672182,0.0246669524922413
280,280.0,24.532542,0.207571281,0.0021504657,4.61899e-05,78.39413609582108,0.0249351784177304
281,281.0,24.532486,0.2076143819,0.0021435889,4.74683e-05,75.1749182053061,0.0245876813395037
282,282.0,24.450998,0.2076478206999999,0.0021610479,4.9874e-05,72.16211444020799,0.0242190373058813
283,283.0,24.431239,0.2076337153,0.0021664631,4.854340000000001e-05,74.82182603521903,0.0248811687993679
284,284.0,24.273256,0.2075966627,0.0021421342,4.77917e-05,77.42389183452866,0.0250221687324781
285,285.0,24.232879,0.2076608688,0.0021363328,5.00202e-05,71.91751864231323,0.0242700696036647
286,286.0,24.23314,0.2076831468,0.0021544893,5.21704e-05,70.6406069235902,0.0242904904579119
287,287.0,24.233045,0.2076376824999999,0.002147205,5.00794e-05,74.30233358089947,0.0247166678048188
288,288.0,24.232715,0.2076351693,0.0021291493,5.00317e-05,74.77177985485827,0.0247664235931826
289,289.0,24.086388,0.2076655436,0.0021255918,5.1255700000000005e-05,72.10072797195261,0.0243803253179805
290,290.0,23.873171,0.2076875098,0.0021552256,5.35273e-05,70.80623448483662,0.0244334797681901
291,291.0,23.89608,0.2076511545,0.0021477666,5.04212e-05,73.44421178149098,0.0246622287174963
292,292.0,23.845574,0.2076251113,0.0021168022999999,4.88589e-05,74.52336866516661,0.0244672018483678
293,293.0,23.912897,0.207672414,0.0021185788999999,4.93024e-05,72.62249730933682,0.0246378555434397
294,294.0,23.850912,0.2077046748,0.002140786,5.03138e-05,71.65425286218347,0.0249570881949646
295,295.0,23.752852,0.2076866843,0.0021636781,4.726089999999999e-05,71.71986842121312,0.0247272796252721
296,296.0,23.651801,0.2076398316,0.002141089,4.49539e-05,74.21085464884085,0.0246712481514931
297,297.0,23.549356,0.2076775015,0.002133732,4.627820000000001e-05,71.709769920222,0.0244509090262954
298,298.0,23.529841,0.2076930138,0.0021527227,4.90855e-05,70.59715262341714,0.02442112208397
299,299.0,23.529957,0.2076568763,0.0021565072,4.67554e-05,72.91460558877097,0.0245909001820225
300,300.0,23.530159,0.2076031012,0.0021372465,4.54544e-05,75.36176699342883,0.0244305936663476
301,301.0,23.451046,0.2076386862,0.0021271166,4.63508e-05,73.42027643924222,0.0243490238686162
302,302.0,23.353276,0.2076710569,0.0021349604999999,4.77999e-05,72.32669268247075,0.02456378064469
303,303.0,23.251457,0.207662472,0.0021630416,4.67188e-05,72.08715154435177,0.0244293653926833
304,304.0,23.230088,0.2076026423,0.0021464954999999,4.36405e-05,74.46701644408354,0.0241540582139726
305,305.0,23.230015,0.2076111239999999,0.0021393226,4.337620000000001e-05,73.45761548081535,0.0239366633587107
306,306.0,23.230069,0.2076642141,0.0021667266,4.65882e-05,72.06416313366947,0.0244635469234379
307,307.0,23.139962,0.2076389027999999,0.0021938865,4.50404e-05,73.98453873106091,0.0247666611845107
308,308.0,23.046818,0.2076009747,0.0021860723,4.44937e-05,75.91323025483271,0.0247362269334176
309,309.0,22.94906,0.2076217857,0.0021837901,4.62439e-05,75.39403052787661,0.024916278734129
310,310.0,22.929775,0.2076512571,0.0022017647,4.89942e-05,71.91404364660487,0.024330520754068
311,311.0,23.011005,0.2076181513,0.0022258128,4.69305e-05,73.04627350317661,0.0242283440077157
312,312.0,23.029179,0.2075594587,0.0022056488,4.4305e-05,76.13303145256505,0.0242003036328799
313,313.0,22.94855,0.2075937406,0.0021998793,4.47621e-05,74.76596624432831,0.0242929777758811
314,314.0,22.770135,0.207630209,0.0022172443,4.69353e-05,73.27393056140963,0.0244752495334417
315,315.0,22.72962,0.2075911871,0.0022300096,4.57084e-05,74.39804396552591,0.0242388197635935
316,316.0,22.649777,0.2075466144,0.0022014596,4.44709e-05,78.14562042459416,0.0246204942055783
317,317.0,22.630086,0.207581257,0.0021998002,4.62891e-05,77.01310107850458,0.0248247184841153
318,318.0,22.630155,0.2076125923,0.0022250263,4.94245e-05,74.70026405526052,0.0246951009259769
319,319.0,22.551127,0.2075764024,0.0022682894,4.81404e-05,75.77983143903226,0.0245905464747859
320,320.0,22.531967,0.2075100919,0.0022621713,4.64432e-05,80.028832528541,0.0248406698400372
321,321.0,22.366659,0.2075410098,0.0022643496,4.72325e-05,77.27013191196023,0.0244781810161405
322,322.0,22.330585,0.2075577798,0.0022905303,4.98858e-05,75.0696274760687,0.024144504361083
323,323.0,22.330381,0.2075107048,0.0023194496,4.81219e-05,78.8034610539342,0.0246664007388055
324,324.0,22.330476,0.2074600233,0.0023008822,4.45825e-05,81.91679413718342,0.024753574292058
325,325.0,22.274544,0.2074898507,0.0022973699,4.3659700000000005e-05,79.58688402396047,0.0244868443413699
326,326.0,22.155531,0.2075154944999999,0.002320957,4.49218e-05,78.1910949131136,0.0245378474553636
327,327.0,21.889726,0.2075021924,0.0023513081,4.2232700000000006e-05,78.35385908036247,0.0244641136934613
328,328.0,21.829792,0.2074276825,0.0023380411,3.88951e-05,81.91267183781703,0.0243508220118304
329,329.0,21.912034,0.2074675819999999,0.0023367521,3.92437e-05,82.16351287120898,0.0250328697071448
330,330.0,22.01266,0.2074792932,0.0023753954,4.0838100000000005e-05,80.13287304734921,0.02472825885326
331,331.0,21.95216,0.2074519705,0.0023936698,3.95503e-05,80.02034979872602,0.0243240668118845
332,332.0,21.850877,0.2073875101,0.0023751636,3.72056e-05,84.28892440177975,0.024561934508813
333,333.0,21.82951,0.2074162979999999,0.0023767605,3.80317e-05,82.14944026957986,0.0243671980051349
334,334.0,21.750284,0.2074392741,0.002401724,4.06162e-05,80.54508594044036,0.0243217978728942
335,335.0,21.731551,0.2074023154,0.0024183277,3.87592e-05,82.50907657381221,0.0243982397284036
336,336.0,21.731124,0.2073374588,0.0024030531,3.8126e-05,85.8852586832418,0.0243860951170429
337,337.0,21.64734,0.2073641249,0.0023925157,3.939920000000001e-05,85.0363474414594,0.0245008860147283
338,338.0,21.548287,0.2073807946999999,0.0024196679,4.26875e-05,84.20351314915717,0.0246021704383141
339,339.0,21.449723,0.2073620886,0.0024388331,4.14468e-05,83.88897287647258,0.0242895209272449
340,340.0,21.267993,0.207306992,0.0024156551,3.93945e-05,86.71774334745234,0.0242352570110073
341,341.0,21.307859,0.2073449941,0.0024230437,4.15101e-05,83.56691655557829,0.023906982623932
342,342.0,21.327094,0.2073614156,0.0024448195,4.32485e-05,85.15002612728044,0.0246721314025947
343,343.0,21.327278,0.2073140568,0.0024592141,4.06363e-05,86.42648677185197,0.024385329644976
344,344.0,21.327023,0.2072716803,0.0024427038,3.86541e-05,88.25481163081209,0.0242482744717646
345,345.0,21.168414,0.2073031061,0.0024347471,3.874900000000001e-05,87.34639695106621,0.0244089832761266
346,346.0,21.046391,0.2073377983,0.0024506904,4.04492e-05,85.62487877185299,0.0244696523848111
347,347.0,21.027028,0.2073345771,0.0024680598,3.9393e-05,83.65272713546858,0.0239064154540593
348,348.0,21.027175,0.2072760989,0.0024536539,3.59904e-05,88.09090614071357,0.02428235375546
349,349.0,20.946797,0.2072980721,0.0024429815999999,3.67349e-05,86.30536929116316,0.0240626329792882
350,350.0,20.928574,0.2073211522,0.0024706827,3.96457e-05,85.70616108757106,0.0243107730979347
351,351.0,20.769141,0.207297873,0.0025015506999999,3.84857e-05,87.28161222792964,0.0245112436981642
352,352.0,20.72753,0.2072437953,0.0024977448,3.76556e-05,90.2784674294345,0.0245715926133127
353,353.0,20.64879,0.207252062,0.002494398,3.89787e-05,89.15642427839664,0.024375504372245
354,354.0,20.628952,0.2072958542,0.0025252674,4.33169e-05,86.74304783950099,0.0244244009114371
355,355.0,20.629079,0.2072805570999999,0.0025529101,4.2703e-05,86.88112020860142,0.0243259804270959
356,356.0,20.549032,0.2072086187,0.002537308,4.15414e-05,90.84431585590976,0.0243767248563044
357,357.0,20.446499,0.2072260772,0.0025290618,4.20008e-05,89.14929441428937,0.0241332706287152
358,358.0,20.268458,0.2072454481,0.0025556732999999,4.5211e-05,88.5892435407591,0.0243332839374405
359,359.0,20.146386,0.2072097932,0.0025889311999999,4.34367e-05,89.0778123155364,0.0240691030741347
360,360.0,20.211823,0.2071527495,0.0025805475,4.16694e-05,93.0308089371339,0.0243356604636009
361,361.0,20.148382,0.2071923254,0.0025864148,4.32786e-05,91.39208700834844,0.0244497364076142
362,362.0,20.127321,0.207206551,0.0026212759,4.68857e-05,90.38999967699904,0.0244870179745482
363,363.0,20.048361,0.2071689501999999,0.0026448481,4.62851e-05,91.3078188773326,0.0242911214851292
364,364.0,19.868193,0.2071045969,0.002623683,4.60036e-05,97.00148752281908,0.0248709904829072
365,365.0,19.826412,0.2071326030999999,0.0026217928,4.75654e-05,94.46337136478468,0.0245843550215898
366,366.0,19.825796,0.2071471113,0.0026636572,5.10361e-05,90.8100438927633,0.023945613820554
367,367.0,19.826218,0.2070892647,0.0026676130999999,4.8964e-05,94.2388073782654,0.0240968354155068
368,368.0,19.826484,0.2070640074,0.0026604418,4.8255800000000006e-05,97.67232532040732,0.024626058661215
369,369.0,19.664265,0.2070871029,0.0026695361,4.8883e-05,95.47905087714037,0.0243910526605191
370,370.0,19.623871,0.207106347,0.0027020751,5.02446e-05,93.00269399674336,0.024092769448848
371,371.0,19.467806,0.2070866246,0.0027324885999999,4.89038e-05,93.6236553803674,0.0240761279759486
372,372.0,19.504989,0.2070077993,0.002721973,4.5945e-05,98.62123457811428,0.0243091404782264
373,373.0,19.524999,0.2070075101,0.0027172645,4.6275e-05,97.87609586410986,0.0241114118556037
374,374.0,19.447239,0.2070427974,0.0027542117,5.04864e-05,95.18947924471958,0.0239879879575976
375,375.0,19.344069,0.2070018294999999,0.0027900701,4.97457e-05,97.81711222767424,0.0242270123254547
376,376.0,19.164169,0.2069378077,0.0027817718,4.86507e-05,101.3497365135914,0.0242860264821534
377,377.0,19.041935,0.2069724503999999,0.0028025066,4.99472e-05,97.38691498364958,0.0237972469071653
378,378.0,19.022898,0.2069499112,0.0028379615,5.1682e-05,99.69790941373654,0.0241851424747814
379,379.0,19.022784,0.2069009038,0.0028613033,4.84998e-05,102.5551085207783,0.0243302850494659
380,380.0,19.020823,0.2068452258,0.0028575054,4.62073e-05,104.9108237916691,0.0242145562389122
381,381.0,18.943474,0.2068576104,0.0028657849,4.64174e-05,104.05032746695257,0.0241781718314874
382,382.0,18.84629,0.2068780814,0.0029053359,4.91286e-05,102.22967819863494,0.0240951452368252
383,383.0,18.826322,0.2068377769,0.0029374405999999,4.69054e-05,103.48508136310627,0.0239919465658996
384,384.0,18.663988,0.2067790148,0.0029292978,4.61124e-05,107.04117877090977,0.0241200115600825
385,385.0,18.62342,0.2068049321,0.0029349388999999,4.8613800000000005e-05,105.65958541385012,0.0241201831264575
386,386.0,18.623214,0.2068160415,0.002956266,5.18825e-05,104.339266791664,0.0240059945302317
387,387.0,18.544881,0.2067724904,0.0029899288,5.13127e-05,106.87936264223856,0.0241711060575206
388,388.0,18.441421,0.2067247559,0.0029728349999999,5.12016e-05,111.05839572308211,0.024532394733286
389,389.0,18.342748,0.206756623,0.0029775648,5.28055e-05,108.83083112543088,0.024409597056463
390,390.0,18.239777,0.2067497959,0.0030189417,5.37601e-05,108.29225424533604,0.0243120862706112
391,391.0,18.142007,0.2066847585,0.0030236961,5.07582e-05,110.1191497063711,0.024003098971375
392,392.0,18.123028,0.2067241011,0.003030035,5.07946e-05,106.73319417116642,0.0236957437503794
393,393.0,18.123555,0.2067586701,0.0030642626,5.29407e-05,104.2954721514123,0.0236103743264421
394,394.0,18.042794,0.2067386992,0.0030918078,5.094150000000001e-05,107.19707532972514,0.0241000124490513
395,395.0,17.940186,0.206654909,0.0030721546,4.88143e-05,110.84308521204676,0.0239418708766499
396,396.0,17.841198,0.2066711312,0.003076167,5.01416e-05,110.97401261258784,0.0241574740156124
397,397.0,17.822786,0.2066873253,0.0031004387,5.29107e-05,111.40092906868465,0.0244928673314917
398,398.0,17.73906,0.2066626168,0.0031387471,5.22981e-05,110.0769194623121,0.0240179525242246
399,399.0,17.723344,0.206587824,0.0031223385,5.04825e-05,114.73512578161434,0.0241817638949902
400,400.0,17.63894,0.2065977844,0.0031034718,5.06194e-05,114.13510662742844,0.0241188345219572
401,401.0,17.540967,0.206633039,0.0031130988999999,5.292e-05,111.98815205101624,0.0240616581767904
402,402.0,17.442539,0.2066364947,0.0031347261999999,5.32945e-05,111.53120832215708,0.0240489459403426
403,403.0,17.340763,0.2065752485,0.0031360831,4.97718e-05,115.2467694756904,0.0241854150678613
404,404.0,17.240718,0.2065444258,0.0031186066,4.8202e-05,114.15700027802656,0.0236015793253729
405,405.0,17.221683,0.2065792428,0.003124138,4.91321e-05,114.57339943184746,0.0240575440370529
406,406.0,17.143842,0.2065963259,0.0031713406,5.03091e-05,114.15916146344956,0.024255272032895
407,407.0,17.124557,0.2065656192,0.0032032096999999,4.84615e-05,114.68115503457253,0.0241064519915169
408,408.0,16.958027,0.2065066542,0.0031904521,4.57837e-05,118.19372766288974,0.0241930432681436
409,409.0,16.682315,0.2065314927,0.0031871324,4.66835e-05,117.08893354695276,0.0242153801766711
410,410.0,16.621239,0.2065448508,0.0031955624,4.880609999999999e-05,115.06512346595694,0.0239576391344768
411,411.0,16.70001,0.2065186495,0.0032193665999999,4.9120400000000005e-05,115.41944637365717,0.0238163395619459
412,412.0,16.639952,0.2064600435,0.0032027453,4.74084e-05,116.76725996525148,0.0234727146262405
413,413.0,16.62132,0.2064376412,0.0031858548,4.68988e-05,119.04784028438915,0.023676864876723
414,414.0,16.533111,0.2065072029,0.0031882353,4.83968e-05,116.19128860000164,0.0237930224327218
415,415.0,16.35913,0.2065385577,0.0032007078,5.04456e-05,115.19189708643664,0.023936398487893
416,416.0,16.080517,0.2065101858,0.0032264498,4.84969e-05,116.753240225975,0.0240183202818507
417,417.0,16.181462,0.206481774,0.0032086631,4.64903e-05,118.34371441819138,0.0240135742360894
418,418.0,16.138944,0.2065308071,0.0032042485999999,4.75587e-05,114.44383143175897,0.0237001063043812
419,419.0,16.120363,0.2065560664,0.0032381193,4.97793e-05,115.30793896758396,0.0242187426364244
420,420.0,16.041637,0.2064821657,0.003239516,4.7829200000000006e-05,119.12046337030144,0.024244214464412
421,421.0,15.938361,0.2064863845,0.0032275569,4.85148e-05,115.80365249028532,0.0235886047757279
422,422.0,15.838546,0.2065338816,0.0032421579,5.30109e-05,116.83902559394508,0.0243283531641837
423,423.0,15.819748,0.2065262192999999,0.0032668287,5.29353e-05,115.87185877405246,0.0241004711699069
424,424.0,15.740491,0.2064531003999999,0.0032313244,5.17916e-05,120.17359656105134,0.0241622719708071
425,425.0,15.720263,0.2065030454,0.0032258135,5.46642e-05,115.88648946173195,0.0237883381394874
426,426.0,15.720599,0.2065217985,0.0032448511,5.70688e-05,114.56093500294295,0.0237513163899576
427,427.0,15.237584,0.2064767506,0.0032559113,5.49619e-05,116.26813111249294,0.0236679661023469
428,428.0,15.118691,0.2064253936,0.0032309233,5.33244e-05,120.22895290361429,0.0239049049936821
429,429.0,15.118933,0.2064760947,0.0032232547,5.42995e-05,117.46537833161754,0.0238356237186781
430,430.0,15.160431,0.2064979302,0.0032599275,5.541220000000001e-05,118.10385673169608,0.0242660661459736
431,431.0,15.206931,0.2064745671,0.0032777462,5.28101e-05,116.3119998260703,0.0236927151826024
432,432.0,15.13251,0.2064252235,0.0032584639,5.04063e-05,120.56163070040084,0.0240153809104652
433,433.0,15.032015,0.2064483783,0.0032440815,5.04154e-05,120.88750606004446,0.0242802761806917
434,434.0,14.933989,0.2064791419,0.0032530284,5.2664e-05,114.49773194407754,0.0233173453681132
435,435.0,14.833011,0.2064635348,0.0032684688,5.2853e-05,115.3428004074308,0.0233690543356141
436,436.0,14.812727,0.2064203272,0.0032528681,5.0990999999999993e-05,120.07517301384696,0.0238614650545938
437,437.0,14.733771,0.2063994445,0.0032143945,5.0084e-05,120.483412803135,0.0236616529882188
438,438.0,14.71252,0.2064506288,0.0032079906,5.23818e-05,119.24188411870723,0.0239049949657913
439,439.0,14.712948,0.2064609186,0.0032273741,5.26701e-05,119.87209228530486,0.0241743781187277
440,440.0,14.475439,0.206405645,0.0032287853,4.93765e-05,122.71028984387095,0.0241859590719689
441,441.0,14.412953,0.2064232868,0.0032174597,4.95652e-05,121.11161759602858,0.0240198602824132
442,442.0,14.333414,0.2064582512999999,0.0032292248,5.24223e-05,120.29182530394112,0.0242352974121711
443,443.0,14.313253,0.2064694778,0.0032454941,5.33938e-05,119.38956651718752,0.0242027122745412
444,444.0,14.313141,0.2064407681999999,0.0032371387,5.18343e-05,119.72592007136952,0.0239625470371952
445,445.0,14.228889,0.2064089389,0.0032095921,5.03426e-05,122.11441877699562,0.0240651245042123
446,446.0,14.209946,0.2064533516999999,0.0031943534,5.03823e-05,118.87675378386228,0.0238240733981462
447,447.0,14.051108,0.2064806879,0.0032115052,5.17457e-05,118.4117077969609,0.0240404582075886
448,448.0,13.919844,0.2064538399,0.0032093823,4.82868e-05,119.01259894040652,0.0238795486107116
449,449.0,13.906413,0.2064104983,0.0031725568,4.5744e-05,121.91550222347702,0.0239515570042812
450,450.0,13.831686,0.2064380324,0.0031453514,4.5572800000000005e-05,120.69610282787347,0.0239222822176445
451,451.0,13.812514,0.2064775247,0.0031568268,4.8818100000000006e-05,119.86965828300625,0.0241805655872073
452,452.0,13.812821,0.2064714026,0.0031759050999999,4.81928e-05,119.2389813076802,0.0240296538385443
453,453.0,13.649837,0.2064117748,0.0031445732,4.64547e-05,122.31700437175525,0.0239891716010721
454,454.0,13.529573,0.2064588947,0.0031215528,4.72086e-05,118.89342293511945,0.0237238939215534
455,455.0,13.511584,0.2064956951,0.0031217633,4.92481e-05,117.7148129113014,0.0238548836193287
456,456.0,13.511726,0.2064826229999999,0.00314251,4.8373e-05,116.31211426514406,0.023482138335044
457,457.0,13.432231,0.2064425018,0.0031244868999999,4.66188e-05,121.55969576425962,0.024098417061188
458,458.0,13.412735,0.2064637371,0.0030969267,4.6346e-05,118.78380672057196,0.0236966479258119
459,459.0,13.328804,0.2065214068999999,0.0030802066,4.87758e-05,116.9219018833654,0.0238620548329024
460,460.0,13.149578,0.2065554822,0.0030849174,5.1286600000000005e-05,115.33539616862582,0.0238972137944015
461,461.0,13.029634,0.2065111395,0.0030525819,4.93955e-05,118.30315418887288,0.0239856983228922
462,462.0,13.009031,0.2065155672999999,0.0030140461,5.00131e-05,119.98778743411955,0.0242935181738674
463,463.0,13.00929,0.2065863512,0.0029911499,5.26188e-05,114.06301852584664,0.0237535726188553
464,464.0,12.982162,0.2066320147,0.0030005646,5.54259e-05,112.86951907673252,0.0240027038997923
465,465.0,12.923116,0.2066348633,0.0030060471,5.4569e-05,113.04283464040364,0.0240782932592858
466,466.0,12.825137,0.2066016986,0.0029459054,5.27533e-05,113.66671112504709,0.023731988788526
467,467.0,12.726479,0.2066708899,0.002903727,5.43743e-05,110.9522161462094,0.0237861666590678
468,468.0,12.708692,0.2066966452,0.0028925778,5.56144e-05,112.14149979600973,0.0242959742993081
469,469.0,12.709345,0.2067026765,0.0028883624,5.37153e-05,113.05391607813684,0.0245427488240672
470,470.0,12.709018,0.2066907706,0.0028573456,5.20902e-05,111.63980089753063,0.024033692953605
471,471.0,12.631283,0.2067137709,0.0028088762,5.19104e-05,110.21379619499535,0.0238624279416686
472,472.0,12.529879,0.2067922207,0.0027806905,5.394430000000001e-05,107.08710993589013,0.023965153345063
473,473.0,12.429559,0.2068262444,0.002791729,5.48124e-05,105.999211573772,0.0241269953912389
474,474.0,12.330545,0.2068258373,0.0027794058,5.19212e-05,106.59585858293175,0.0242180699187071
475,475.0,12.310555,0.2068416507,0.0027327819,5.00039e-05,106.79985783322893,0.0243265525112222
476,476.0,12.310648,0.2068957531,0.0027242221,5.09925e-05,103.46060393867418,0.0241602556481763
477,477.0,12.310832,0.2069176685,0.0027369684,5.02234e-05,102.33997628100936,0.0241799090039117
478,478.0,12.228325,0.2068898027,0.0027247468,4.75901e-05,103.44024117404558,0.0240746617092613
479,479.0,12.129873,0.2068741677,0.0026895451,4.5819800000000005e-05,105.72101994038584,0.0243320581904474
480,480.0,12.061781,0.2069459364,0.0026788066,4.86369e-05,103.98179300319768,0.0247555935695292
481,481.0,12.018394,0.2069695442,0.0026913253999999,5.14888e-05,101.20251678173436,0.0244180780466621
482,482.0,12.007125,0.206947944,0.00268391,5.1008e-05,102.4580557341527,0.0244391566709983
483,483.0,11.926023,0.2069230118,0.0026461773999999,5.06315e-05,102.3957861586186,0.0240375460951614
484,484.0,11.907346,0.2069743795,0.0026098453,5.17485e-05,101.13382405811129,0.0242576215013622
485,485.0,11.82889,0.2070378652,0.0026086132,5.52011e-05,97.39370723930824,0.0241251181593104
486,486.0,11.809648,0.2070396686999999,0.0026123795,5.36502e-05,98.65732659783318,0.0244636319291398
487,487.0,11.648644,0.2070074011,0.002560082,5.186890000000001e-05,100.09210486652,0.024279299642218
488,488.0,11.606654,0.2070749811,0.0025285189,5.2838e-05,96.79234848604705,0.0242182826328046
489,489.0,11.606527,0.2071061526,0.002533692,5.48175e-05,95.1192739213686,0.0242088355243407
490,490.0,11.606562,0.2070868464,0.0025186993,5.23637e-05,95.70536674817713,0.0240656772889555
491,491.0,11.606729,0.2070890365,0.0024794355,5.09679e-05,96.63557896343907,0.0242191007298019
492,492.0,11.527996,0.2071423394,0.0024525760999999,5.26555e-05,93.91714831059043,0.0241372899238346
493,493.0,11.425744,0.2071789641999999,0.0024560318,5.46722e-05,93.07138649476556,0.0244095208489893
494,494.0,11.404875,0.2071847985,0.002458735,5.3409900000000005e-05,91.0408979210455,0.0239538402316348
495,495.0,11.326044,0.2071456203,0.0024146124,5.18248e-05,92.96033495898286,0.023829956260299
496,496.0,11.306661,0.2072262994,0.0023913984,5.4433e-05,89.89845528918009,0.0240145477074267
497,497.0,11.385276,0.2072584106,0.0024016829,5.67683e-05,87.94509724998399,0.0239530231497217
498,498.0,11.298057,0.2072306507,0.0023728574,5.4783e-05,88.0591848319654,0.0235312215069051
499,499.0,11.221756,0.2072358019,0.0023420449,5.4524e-05,89.87371934155894,0.0239984822479596
500,500.0,11.124016,0.2072947420999999,0.0023230555,5.67228e-05,89.22089816454054,0.0245749479094183
501,501.0,11.025529,0.2073180627,0.0023351882,5.85473e-05,87.66134832000495,0.0245121975925705
502,502.0,11.006153,0.2073191771999999,0.002325604,5.65186e-05,86.2039663236376,0.024082899586818
503,503.0,11.005967,0.2072984679,0.0022762728,5.49014e-05,87.90125071384168,0.024121168102155
504,504.0,11.005839,0.2073930326,0.0022468215999999,5.71369e-05,84.1640470293883,0.0243175603495298
505,505.0,11.005821,0.2074364817,0.0022437641,5.98005e-05,81.91620198288241,0.0242983944481766
506,506.0,10.843956,0.2074568744999999,0.0022417461,6.02632e-05,80.49365240735477,0.0241728323575086
507,507.0,10.804721,0.2074329996999999,0.0022160641,5.87287e-05,81.1033079840431,0.0239172861943982
508,508.0,10.726917,0.2074476852,0.0021688084,5.82029e-05,82.90660408637001,0.024518537229473
509,509.0,10.785717,0.2075366481,0.0021617929,6.129019999999999e-05,77.61831457688972,0.0242593171478171
510,510.0,10.805273,0.2075590363,0.0021773259,6.09559e-05,76.26490425208063,0.0242330421711026
511,511.0,10.804871,0.2075210987,0.0021443583,5.85226e-05,79.61412367733695,0.0245657233392331
512,512.0,10.804666,0.2075607915,0.0021110794,5.8371e-05,77.19493505282969,0.0243235381289403
513,513.0,10.646477,0.2076073789,0.0021136543,6.15348e-05,74.68243875344598,0.0242897394869931
514,514.0,10.520066,0.2076139127,0.0021209922,6.0966500000000007e-05,74.7827807756958,0.0244508477931693
515,515.0,10.504189,0.2075970331,0.0021028055,5.94603e-05,75.71636771766927,0.024408857873573
516,516.0,10.501416,0.2075799109,0.0020592333,5.88002e-05,76.93798782278685,0.024376368156489
517,517.0,10.504282,0.2076438797,0.0020330037,6.08026e-05,73.5174941925706,0.0242259139437092
518,518.0,10.505189,0.207684291,0.0020313265,6.312019999999999e-05,72.02607074343719,0.0244095977589852
519,519.0,10.426293,0.2076885044,0.0020375214,6.1879e-05,70.45928972485783,0.0239632913617524
520,520.0,10.405798,0.207661076,0.0020221576,6.026e-05,73.93747018515816,0.0246100516337357
521,521.0,10.326677,0.2076672024,0.0019854588,5.9788e-05,73.88016278454288,0.0245628766140423
522,522.0,10.224923,0.2077358633,0.0019735374,6.24715e-05,70.20408187838312,0.0244618134283985
523,523.0,10.204497,0.2077596192,0.0019916352,6.26861e-05,69.90087841051475,0.0248470901190092
524,524.0,10.286806,0.207707787,0.0019572217,6.00805e-05,72.07568946222679,0.0245464724826608
525,525.0,10.223202,0.2077247851,0.0019198715,6.05236e-05,71.31585027484579,0.0244480767899983
526,526.0,10.204258,0.2077721321,0.0019171479999999,6.23827e-05,68.34405671745422,0.0242388290789366
527,527.0,10.126823,0.2077920092,0.0019315265,6.34862e-05,69.09120041724073,0.0249261497928901
528,528.0,10.106412,0.2077684517,0.0019262488999999,6.28483e-05,68.44902857048258,0.0242473416834669
529,529.0,10.022878,0.2077607084,0.0018920846999999,6.25324e-05,68.75117352447921,0.0240919831662025
530,530.0,10.08402,0.207819081,0.0018766669999999,6.405730000000001e-05,65.86001327744398,0.0240428539576104
531,531.0,10.021836,0.2078466248,0.0018930901,6.70094e-05,65.68144835177435,0.0245670809698923
532,532.0,9.995848,0.2078317824999999,0.0018879159,6.490349999999999e-05,65.98742260622673,0.0243697211029157
533,533.0,9.999926,0.2078042478,0.0018575015,6.42493e-05,68.76220042757788,0.0247540281446257
534,534.0,9.922287,0.2078437552,0.0018295014,6.61697e-05,65.4012627460129,0.0241577259238988
535,535.0,9.824824,0.2078893691,0.0018338094,6.92919e-05,63.43128981809303,0.0243081470255301
536,536.0,9.883343,0.2078868319,0.0018391121,6.85335e-05,63.35145380541867,0.024245203640103
537,537.0,9.825946,0.2078612303999999,0.001806169,6.75426e-05,65.43675975769852,0.024413387945552
538,538.0,9.88417,0.2079264347999999,0.0017983463,7.09231e-05,61.53585537113212,0.0241571755256771
539,539.0,9.824289,0.2079453719,0.0018109542,7.35479e-05,61.61210433371865,0.0246337332693153
540,540.0,9.805499,0.207918157,0.0017941818,7.29503e-05,63.50069441215589,0.0247597611587482
541,541.0,9.722152,0.2078871635,0.0017676923,7.31033e-05,65.03878164252873,0.0246396148161102
542,542.0,9.622681,0.2079243827,0.0017449313,7.55165e-05,63.000461282832326,0.0245028662935428
543,543.0,9.681895,0.2079765877,0.001750307,7.92507e-05,60.58775937801629,0.024640244748506
544,544.0,9.701216,0.2079854153,0.0017667938,7.97983e-05,59.92044618057795,0.0246252109905517
545,545.0,9.701365,0.2079534583999999,0.0017533797,7.80889e-05,62.19371908210013,0.0248184619135162
546,546.0,9.621922,0.2079616078,0.0017286837999999,8.124630000000001e-05,61.76152032814808,0.0247289975440418
547,547.0,9.603202,0.2079966348,0.0017301016,8.62144e-05,59.7137566142957,0.0246607928087411
548,548.0,9.519332,0.2079957462999999,0.0017499533,9.00631e-05,59.43735574509788,0.0246423580580813
549,549.0,9.504357,0.2079627856999999,0.0017360653,9.0684e-05,60.20212418120314,0.0242236103972599
550,550.0,9.42117,0.207956034,0.0016991485,9.25402e-05,61.76482786833254,0.0245718738066564
551,551.0,9.485502,0.2080247274,0.0016904177,9.69342e-05,57.263807291000425,0.0241308195069149
552,552.0,9.506168,0.2080459433,0.0016979234,9.96529e-05,56.64239264626935,0.0243697209112525
553,553.0,9.421998,0.2080253735,0.0017173978,9.93201e-05,57.5892675321832,0.0244179891075506
554,554.0,9.401206,0.2079891103,0.0016888682,9.83243e-05,59.48377081017208,0.0243192289423954
555,555.0,9.242896,0.2080250267,0.0016678148,9.93893e-05,57.59543556015097,0.0241958346363175
556,556.0,9.205418,0.2080594839,0.0016852517999999,0.000101628,55.09363894734484,0.0239487221593175
557,557.0,9.282065,0.2080470456,0.0017036086,0.0001001284,57.15827624257802,0.0246451138572405
558,558.0,9.225474,0.2080118373999999,0.0016759216,9.86527e-05,59.1576979077182,0.0246024023417226
559,559.0,9.284065,0.2080412649,0.0016464049999999,0.0001001958,58.12952381427962,0.0246771117188674
560,560.0,9.225023,0.2080777717,0.0016492961,0.0001037335999999,56.34084365691516,0.0247456367612569
561,561.0,9.205567,0.2080722005999999,0.0016581016,0.0001048796,56.071364207509255,0.0245532045037103
562,562.0,9.121193,0.2080223538,0.001637576,0.0001039179999999,58.387284006385336,0.0243724359075063
563,563.0,9.101985,0.2080189159,0.001607664,0.000104534,58.77432787129095,0.0243364661391933
564,564.0,9.119476,0.208079131,0.0015995425999999,0.0001076975,56.40674247847205,0.0246046948525836
565,565.0,9.10583,0.2081171166,0.0016079943999999,0.0001106658,54.62256015844852,0.0247307926132535
566,566.0,9.182801,0.2081026594,0.001616543,0.0001104285,54.936083826756224,0.0245808003975532
567,567.0,9.121789,0.2080503054,0.0015812803,0.0001093405,58.51885535499127,0.0248124900371504
568,568.0,9.023022,0.2080782757,0.0015600458,0.0001101329,57.41949177780116,0.0248625332405166
569,569.0,8.925751,0.208132583,0.0015644774,0.0001144908,54.12005397471352,0.0246804872268208
570,570.0,8.90541,0.208145697,0.0015817109,0.0001157801999999,53.43898949994453,0.0247682990928652
571,571.0,8.9055,0.2081150585,0.0015607229,0.0001153154,54.89348004921973,0.0246171458945672
572,572.0,8.905114,0.2081444932999999,0.0015356998999999,0.0001175491,53.553244070029216,0.0245825524542525
573,573.0,8.905004,0.2081884414,0.0015365026,0.0001214289999999,51.71481680155865,0.0248029104671296
574,574.0,8.821857,0.2082136237,0.0015508321999999,0.0001252758,49.77003862675862,0.0245855836505016
575,575.0,8.883658,0.2081756763,0.0015333107,0.0001244954,52.02954687247266,0.0246529616585683
576,576.0,8.821726,0.2081453945999999,0.0015057919,0.0001241899,53.66784740964557,0.0245645473979053
577,577.0,8.800861,0.2082191882,0.0015022421,0.0001268807,49.48575018136766,0.0243457799279493
578,578.0,8.801471,0.2082377689,0.0015158845,0.0001283767,48.76101696653494,0.024534003107533
579,579.0,8.801731,0.2082215654999999,0.0015147977,0.0001258,49.76105185530258,0.0245963007060722
580,580.0,8.801526,0.2081955959,0.0014835105,0.0001246834,51.53628844090421,0.0246498151111754
581,581.0,8.721465,0.208240706,0.0014772545,0.0001275553,49.49688303314473,0.0247657335857661
582,582.0,8.699377,0.2082542056999999,0.001503429,0.0001303214999999,48.550040635278194,0.0248002846324517
583,583.0,8.623281,0.2082364024,0.0015094961,0.0001300905,49.14107047377564,0.0246713941415589
584,584.0,8.604272,0.2082009709,0.0014738391,0.0001304369,51.25631088594237,0.0246453998391722
585,585.0,8.682314,0.2082522244999999,0.0014584037,0.0001340281,49.40578169542001,0.0249724925766666
586,586.0,8.702504,0.2082939131999999,0.0014739067,0.0001380757,46.24903689315002,0.0245597673900238
587,587.0,8.702822,0.2082791366,0.0014916215999999,0.000138428,47.139149608030685,0.0247362789804845
588,588.0,8.622938,0.208224317,0.0014641341999999,0.0001375322,50.07777199651525,0.0246583211281942
589,589.0,8.522923,0.2082365276999999,0.0014532962999999,0.0001383305,50.06627149096919,0.024910634879209
590,590.0,8.502712,0.2082880405,0.0014617907,0.0001416287,47.73940455078626,0.0251540119308448
591,591.0,8.502301,0.2082706261,0.0014842819,0.000141028,47.636674126151206,0.0247529714675954
592,592.0,8.502198,0.2082168382,0.0014546349,0.000139007,50.29741886040381,0.0245439663624643
593,593.0,8.585613,0.2082433809,0.0014278679999999,0.0001402944,49.01734929090631,0.0244444336156969
594,594.0,8.520997,0.2082901067999999,0.0014419730999999,0.0001435988,47.30913341331219,0.0248898224490447
595,595.0,8.502878,0.2082793683,0.0014544758999999,0.0001437697,48.855917891329575,0.0254810107033554
596,596.0,8.42192,0.2082387982,0.0014288182999999,0.000143544,50.31429473894914,0.0250074824143552
597,597.0,8.320272,0.2082654817999999,0.0014090085,0.000144748,47.295363981494326,0.0240721908831046
598,598.0,8.294692,0.2083085651,0.0014111066999999,0.0001481379,45.95990365577468,0.0245407791577155
599,599.0,8.382714,0.2083069230999999,0.0014317051,0.0001493504,46.24485724008908,0.0247766042276374
600,600.0,8.402677,0.2082842674999999,0.0014299826,0.0001477896,47.457501645498,0.0247829118949077
601,601.0,8.402899,0.2082553738,0.0013980521,0.0001481641,48.59644903427131,0.0244473558005325
602,602.0,8.402549,0.208293709,0.0013942505999999,0.0001505984,46.609722849707,0.0244177076792954
603,603.0,8.241737,0.2083300957,0.0014146816,0.0001545029,46.08635443091331,0.0252881428541383
604,604.0,8.202763,0.2082863455,0.0014092585,0.0001536569,47.66607017796522,0.0248858799063766
605,605.0,8.202684,0.2082827575,0.0013748622,0.0001540844,48.769996187351474,0.0251751795218463
606,606.0,8.279381,0.2083273303,0.0013739555,0.0001587375,45.37957937879436,0.0246277561487487
607,607.0,8.299244,0.2083344515,0.0013932878,0.0001606449,45.09494716414692,0.0248004099073906
608,608.0,8.29948,0.2083122821,0.001382824,0.0001596362,46.319540574149215,0.0247812891925761
609,609.0,8.221007,0.2083165738,0.0013562829,0.0001608296,46.34523098586276,0.0247722750566744
610,610.0,8.20226,0.2083564656,0.0013495074,0.0001632227,44.83405574188886,0.0250471051971644
611,611.0,8.122982,0.2083797355999999,0.0013642359,0.0001656459999999,43.19797827002304,0.0249114184928912
612,612.0,8.103255,0.2083550676,0.0013719993,0.0001653882,44.49915781726383,0.0249760774399182
613,613.0,8.103255,0.2083184582999999,0.0013323294999999,0.0001632346,46.14005009504727,0.0246008145689879
614,614.0,8.166243,0.208359944,0.0013102638,0.0001662860999999,44.40528778588574,0.0247037849134637
615,615.0,8.119667,0.2084046211,0.0013095048,0.0001704823,42.07686256010922,0.0247085072861401
616,616.0,8.10278,0.2084118789,0.0013227536,0.0001761599,41.43800896475096,0.0246908513163197
617,617.0,8.102926,0.2083599507,0.0012964386,0.0001797493,44.513067946423725,0.0248138628476906
618,618.0,8.020133,0.2083484525,0.0012710198,0.0001824978,46.34503333097444,0.0253737150288709
619,619.0,7.999268,0.2084113158,0.0012705866,0.0001886142,42.288452064234136,0.0249783843017021
620,620.0,7.999341,0.2084205257,0.0012909071999999,0.0001915886,41.66717126428842,0.0250522759284355
621,621.0,7.999135,0.2084013913,0.0012790659,0.0001901897,42.29063802382695,0.0247507089742428
622,622.0,8.084728,0.2083896661,0.0012538123,0.0001908005,43.435835438919774,0.0249172655171869
623,623.0,8.019771,0.2084266638,0.0012515477999999,0.0001931203,40.675814412980486,0.024409410595495
624,624.0,7.92075,0.2084666984,0.0012715539,0.000197867,38.85617278737929,0.0247170300219312
625,625.0,7.82256,0.2084362371,0.0012714717,0.0001979235999999,39.97059275932131,0.0244509029824907
626,626.0,7.88217,0.2083967907,0.0012485323,0.0001979153,43.07119933509064,0.0249577936627665
627,627.0,7.901883,0.2084653312,0.0012350294,0.0002014297,39.3034239511333,0.0247499382538748
628,628.0,7.980851,0.2084929691,0.0012474228,0.0002043671,37.63201259118278,0.0246974028801518
629,629.0,7.999543,0.2084692218,0.0012424413,0.0002019979,39.75251507852465,0.0252168739493261
630,630.0,7.919747,0.2084625524,0.0012159851,0.0002005278,40.88272124508362,0.0255108251329254
631,631.0,7.82114,0.2085159469,0.0012185305,0.0002019883999999,36.93452294807757,0.0247793817300341
632,632.0,7.800115,0.2085276422999999,0.0012450492,0.0002024082,35.86204862958533,0.0246515248124867
633,633.0,7.802342,0.2084904153,0.0012399277999999,0.0001998848,37.84374449162218,0.0246477333323206
634,634.0,7.803279,0.208462918,0.0012116121,0.0001985131,39.83905924388823,0.0248199809854189
635,635.0,7.80304,0.2085104955,0.0012033767,0.0002002191,37.71032526668749,0.0249815657626137
636,636.0,7.802895,0.2085313218,0.0012105654,0.0002025776,36.44728028178321,0.024931595407838
637,637.0,7.803242,0.2084853675,0.0012238382,0.0002006579,38.25587318062405,0.0246471727901096
638,638.0,7.803709,0.2084379911,0.0011976948,0.0001988707,41.506010531032025,0.0249713969810574
639,639.0,7.720052,0.2084775721,0.0011892912,0.0001995962,39.6954151188632,0.0250636487193408
640,640.0,7.699496,0.2085097496,0.0012061999,0.000201104,37.76780153951742,0.0250247237464312
641,641.0,7.69909,0.2084819089,0.0012262918,0.0001995113999999,38.49346488167005,0.0246908331082721
642,642.0,7.69913,0.2084375629,0.0011949002,0.0001964809,41.47093225161634,0.0248937138081987
643,643.0,7.784803,0.2084881800999999,0.0011761778,0.0001976819,38.75846941754045,0.0247034964677237
644,644.0,7.720193,0.2085103026999999,0.001179051,0.0001993922,37.60144307478651,0.0247220803960136
645,645.0,7.69847,0.2085031542,0.0011959653,0.0001986747,38.31867097095603,0.0250625928194352
646,646.0,7.620605,0.2084496242,0.0011681874,0.0001952469999999,41.24991067370218,0.0249477560532535
647,647.0,7.679392,0.2084615037,0.0011503445,0.0001940721,40.78409067525683,0.024906225791965
648,648.0,7.616315,0.2085255781,0.0011582293,0.0001965851999999,37.932643127319096,0.0252805403175695
649,649.0,7.678499,0.2085432031,0.0011780283,0.0001960564,36.402752416538505,0.0250009748615139
650,650.0,7.699146,0.2084938633,0.0011731646,0.0001930747,38.627091727251184,0.0247321650667486
651,651.0,7.698922,0.2084965039,0.0011707444,0.0001945739,38.33049123700333,0.0246283385540292
652,652.0,7.62049,0.2085342581,0.0011816854,0.000198589,36.5021789269927,0.0248129230093097
653,653.0,7.441029,0.2085332537,0.0012106872999999,0.0002046397,36.269818330418936,0.0249037920718866
654,654.0,7.398988,0.208481625,0.0012144632,0.0002067014,39.06996073091844,0.0250515674225442
655,655.0,7.481993,0.2084562704,0.0011862348,0.0002085522,40.15987666452352,0.0247506602994607
656,656.0,7.503544,0.2085023099,0.0011867375,0.0002140995,37.76482461294679,0.0247854241880145
657,657.0,7.503584,0.208510576,0.001206793,0.0002160971,37.62769316303792,0.0251418324604264
658,658.0,7.50419,0.2084745214999999,0.0011927834,0.000213897,39.30805451504585,0.0249035839503275
659,659.0,7.503664,0.2084905517,0.001169491,0.0002139448,38.93702023930302,0.0250335496622583
660,660.0,7.419781,0.2085240642,0.0011727812,0.0002165736999999,36.72400172827293,0.0247610607007915
661,661.0,7.399706,0.2085363892999999,0.0011951615,0.0002175878,36.13254609384034,0.0249633779221994
662,662.0,7.399872,0.2084795348999999,0.0011738392,0.00021624,39.58291632941119,0.0251388900582566
663,663.0,7.399962,0.2084887752999999,0.0011517523,0.0002177188999999,38.5946112049031,0.0246769701595628
664,664.0,7.478074,0.2085419754999999,0.0011585055,0.0002224951999999,36.06783057649313,0.0249053217430991
665,665.0,7.503377,0.2085374881,0.0011791966,0.0002220439,35.779555568404,0.0246949769939324
666,666.0,7.418768,0.2084982878,0.0011504196,0.0002198013,39.10374327030572,0.0253343018035556
667,667.0,7.320001,0.2085208584,0.0011342194,0.0002188653,37.25556534168306,0.0247597493026309
668,668.0,7.301488,0.2085553784,0.0011380126,0.0002194915999999,35.42315787674117,0.0247445891233392
669,669.0,7.301562,0.208568802,0.0011630007,0.0002194647,34.86102293787003,0.0250224182507453
670,670.0,7.3013,0.2085405899,0.0011662445,0.0002163125,35.979460186268085,0.0247773052866442
671,671.0,7.301602,0.2085229126999999,0.0011447742,0.0002137649,36.95836924141959,0.0246464858827756
672,672.0,7.301395,0.2085615509999999,0.0011630811,0.000214933,34.54366029548148,0.0244764247189874
673,673.0,7.224097,0.2085683952,0.0011958047,0.0002148943,33.85298189042228,0.024474961583223
674,674.0,7.204266,0.2084976082,0.0011889476,0.000211078,37.93928645012908,0.0247235012625765
675,675.0,7.204175,0.2085020852,0.0011744604,0.0002102230999999,38.07041208089011,0.0248475058803354
676,676.0,7.204213,0.2085377805,0.0011753952,0.0002116286,36.25277074623641,0.0248768597105965
677,677.0,7.204231,0.2085347894999999,0.0011900843,0.0002132781,36.23224360262022,0.0248854817371662
678,678.0,7.203782,0.2085071457,0.0011882591,0.0002110992,37.27181838512253,0.0245987173371324
679,679.0,7.281769,0.2084736607,0.0011540826999999,0.0002088042999999,39.6953840357726,0.024803015155615
680,680.0,7.221789,0.2085328396,0.0011431704,0.0002093421,36.75362996838641,0.0247843594450777
681,681.0,7.119376,0.2085687349,0.0011582409,0.0002121545999999,34.63927164132653,0.0247322872485668
682,682.0,7.096162,0.2085535629,0.0011750818,0.0002115249,35.1253231887606,0.0246492067634971
683,683.0,7.098309,0.2085166195,0.0011589979,0.0002107511,37.24151710656296,0.0246874806537017
684,684.0,7.182341,0.2085679577,0.0011577663,0.0002147017999999,35.12122984302669,0.0250764948609802
685,685.0,7.203993,0.2085876107,0.0011707182,0.0002181914,34.06089111405561,0.0251919732214787
686,686.0,7.203882,0.2085678317,0.0011700463,0.0002178545,34.766504893566704,0.0249525802775497
687,687.0,7.20423,0.2085172808,0.0011305599,0.0002181818,37.62051175795314,0.0248467093761276
688,688.0,7.203726,0.2085815998,0.0011112954,0.0002224589,34.46642338141076,0.024850455446851
689,689.0,7.120007,0.2086070953,0.0011305706,0.0002255684,33.15215307800578,0.0250400620164593
690,690.0,7.099452,0.208590654,0.0011241195,0.0002245404,33.21649893614352,0.0244002178531535
691,691.0,7.099415,0.2085566012,0.0011001609,0.0002240245999999,36.42819437387328,0.0252607024688522
692,692.0,7.099343,0.208616855,0.0010848785,0.0002262051,32.83615014721759,0.0248181069907628
693,693.0,7.099841,0.2086482106,0.0010963214999999,0.0002289864,30.86795001170102,0.0246625456149061
694,694.0,7.100114,0.2086373859,0.0011111097,0.0002279176,31.70658617942741,0.0249993077288288
695,695.0,7.09964,0.2085961888,0.0010861573,0.00022474,34.24059180029259,0.0250643039363229
696,696.0,7.020092,0.2086308832,0.0010711366,0.0002250342,32.62302896485567,0.0250766403761928
697,697.0,7.001459,0.2086652617,0.001082671,0.0002275076,30.431363127258333,0.0248738960198574
698,698.0,6.983649,0.2086563879,0.0011079886999999,0.000226844,29.745838445805745,0.0241585488022986
699,699.0,6.997706,0.2086044314,0.0010885966,0.00022456,33.668575529959234,0.0249726233227188
700,700.0,7.000622,0.2086209262999999,0.0010723258,0.0002246495,32.917506226740926,0.0249149562875241
701,701.0,7.001427,0.2086551904,0.0010933367,0.0002286424,31.433027175092192,0.0253744125207983
702,702.0,7.001754,0.2086252139,0.0011040497,0.0002273177,32.36983364974341,0.0249608367819826
703,703.0,7.001625,0.2085793741,0.0010786355,0.0002258599999999,34.51374597718793,0.0245970915995628
704,704.0,7.001515,0.2086300002,0.0010714852,0.0002271793,32.223950727562254,0.0247671335227959
705,705.0,6.923617,0.2086509491,0.0010854788999999,0.0002291398,30.972488590055,0.0247674936042142
706,706.0,6.902899,0.2086218791,0.0011009911,0.0002261018,32.28105928666841,0.0247199510067378
707,707.0,6.903643,0.208575197,0.0010855581,0.0002242119,35.20561588252715,0.0249692971019808
708,708.0,6.903557,0.208633836,0.0010838794,0.000227086,32.181945561636454,0.0249876525433713
709,709.0,6.903409,0.2086563937,0.0011022611,0.0002277166,30.7874976971861,0.0249673871702068
710,710.0,6.903693,0.2086238123,0.0010853929,0.0002252132,32.5912819016037,0.0248934444169686
711,711.0,6.819621,0.2085936796,0.0010611698,0.0002237505,34.51505002930417,0.024961638381428
712,712.0,6.799885,0.208663891,0.0010569032,0.0002241147,30.884639294580992,0.0249120542794762
713,713.0,6.721245,0.2086873111,0.0010822655,0.0002252857999999,29.929929234464947,0.0253692328693725
714,714.0,6.780419,0.2086479321,0.0010823171,0.0002214251,31.7455834523661,0.0251234468622279
715,715.0,6.800175,0.2086160646,0.0010611481999999,0.0002196047,33.53696853662206,0.0250351546625766
716,716.0,6.795783,0.2086742009,0.0010744521,0.0002220634,30.63642145546621,0.0252687512451672
717,717.0,6.719876,0.2086556257,0.0010999243,0.0002203716,31.093089645469927,0.0250565894572372
718,718.0,6.779047,0.2086003076,0.0010779125,0.000218539,33.633172003728895,0.0246292057249293
719,719.0,6.718886,0.2086268351,0.0010577549,0.0002194058,33.14319070921321,0.0251270954180779
720,720.0,6.700879,0.2086613479,0.0010587966,0.0002215396999999,31.04584026574054,0.024916440592416
721,721.0,6.701525,0.2086628843,0.001084437,0.0002212365,30.86015819573183,0.0250484752437366
722,722.0,6.70152,0.2086033797,0.0010639911,0.0002176107999999,34.00332645024394,0.0248943983245635
723,723.0,6.700816,0.2086096534,0.0010483888,0.0002164406,33.58520438403799,0.0246854103689237
724,724.0,6.779856,0.2086741639,0.0010598934,0.0002177452,30.485215819118228,0.0249503995516076
725,725.0,6.721632,0.2086821485999999,0.0010775978999999,0.0002176025,30.123467903455005,0.025147462256556
726,726.0,6.618921,0.2086472626,0.0010745899,0.0002127265999999,31.54870658353892,0.0247544301233052
727,727.0,6.597938,0.2086138665,0.0010575826,0.0002095228999999,33.453626397144134,0.0247288999322419
728,728.0,6.597882,0.2086519012,0.001059981,0.0002101546,30.829939952342777,0.0242177903071487
729,729.0,6.680807,0.2086679629,0.0010941231,0.0002098873,30.47137768067493,0.0248653351248648
730,730.0,6.700933,0.2086260695,0.0010818722,0.0002057008,33.156525493818194,0.0251193357777337
731,731.0,6.701299,0.2086293185,0.0010650573,0.0002049156,32.96955603975784,0.0249568646026832
732,732.0,6.615888,0.2086766519,0.0010783697,0.0002081815999999,30.75804813654944,0.0253037144841476
733,733.0,6.597193,0.2086689598,0.0011071399,0.0002096716,30.82596320504396,0.025309604083247
734,734.0,6.516716,0.208621066,0.0010834918999999,0.0002088817,33.094078532955265,0.0249332845139586
735,735.0,6.49923,0.2086457048999999,0.0010653127,0.0002110857,32.075453805279345,0.0250036426773755
736,736.0,6.578284,0.2086826789999999,0.001075246,0.0002148159,29.887400858602614,0.0249108750130109
737,737.0,6.597773,0.2086758038,0.0010943002,0.0002156428,30.500125565333946,0.0253082908966484
738,738.0,6.597975,0.2086175619999999,0.0010770382,0.0002141674999999,32.97198695669988,0.0247251540004844
739,739.0,6.51931,0.2086442049,0.0010642491,0.0002146277,32.115951337680926,0.0250151354654654
740,740.0,6.500095,0.2086760911,0.0010847583,0.000217876,29.960845476976285,0.0248211057789669
741,741.0,6.420794,0.208648378,0.0010921538,0.0002166068,31.242211465035748,0.0247589149633172
742,742.0,6.401659,0.2086001932,0.0010643259,0.0002143835,34.54061707334679,0.0251275620907862
743,743.0,6.40164,0.2086413127,0.0010583185,0.0002148018,32.08357205512616,0.0248278138799956
744,744.0,6.481778,0.2086673061,0.0010675357,0.0002166226,30.916141272971373,0.02506450173104
745,745.0,6.500496,0.2086693113,0.0010905831,0.0002152263,30.698941304868598,0.0251546345398807
746,746.0,6.500496,0.2086289875,0.0010807986,0.0002128835,33.14252254131173,0.0253129329207771
747,747.0,6.421391,0.2086275626,0.0010524883,0.0002107745,33.28865756796617,0.0251060670693071
748,748.0,6.401271,0.2086777931,0.0010582887,0.000212115,30.571407215171632,0.0250780410752154
749,749.0,6.401493,0.2086871179,0.0010811165,0.0002125499,29.47703090316179,0.0247765254519665
750,750.0,6.396904,0.2086443422,0.0010821771,0.0002096044,31.59601652867265,0.0246953026149209
751,751.0,6.400366,0.2086557943,0.0010667251,0.0002107146,30.977074410331777,0.0245515927205634
752,752.0,6.400377,0.2086841425,0.0010736445999999,0.0002138556999999,30.08817862317024,0.0251125953344024
753,753.0,6.401116,0.2086800104,0.0010998685,0.0002151780999999,29.754103495810856,0.0249110314524991
754,754.0,6.401604,0.2086209917,0.0010877256,0.0002132057999999,33.336572186698675,0.0252059913840258
755,755.0,6.31915,0.2086372312,0.001060052,0.0002123563,32.4844348880514,0.0249565806763348
756,756.0,6.29835,0.2086824054,0.0010718785,0.00021408,30.201016208547426,0.0251191845338695
757,757.0,6.298092,0.2086741861,0.0010935006,0.0002126718999999,30.130818281435957,0.0248823735731176
758,758.0,6.29789,0.2086187369,0.0010637792,0.0002097707,33.51936518260927,0.0250154346379444
759,759.0,6.297703,0.2086550632,0.0010481405,0.0002097843,31.662227145120163,0.0248941305524381
760,760.0,6.381511,0.2086854944999999,0.0010608048,0.0002120448,30.44438689996424,0.0253247528066483
761,761.0,6.319795,0.2086742331,0.0010815086,0.0002089007,30.558611105676995,0.025075300764614
762,762.0,6.298152,0.2086286107999999,0.0010593776,0.0002059884999999,32.58076379611631,0.0246041217094942
763,763.0,6.297818,0.2086417054,0.0010423952999999,0.0002049531,32.52752607319929,0.0249199466211327
764,764.0,6.218817,0.2086825852999999,0.001064146,0.0002065946,29.712905303041595,0.0245442522691729
765,765.0,6.199951,0.208681085,0.0010863206,0.0002057902,30.23946140754898,0.0251011614593437
766,766.0,6.197575,0.2086345225999999,0.0010690768,0.0002031907,32.83020036630845,0.0250642099902256
767,767.0,6.19942,0.2086232764,0.0010592888,0.0002028282,33.49979215988392,0.0250472365931107
768,768.0,6.197666,0.2086704342,0.0010609039,0.0002062897,31.14464431438313,0.0251731326699638
769,769.0,6.199891,0.208678603,0.0010910809,0.0002086232,29.929806029303865,0.024822501399001
770,770.0,6.200577,0.2086549683999999,0.0010893248,0.0002079853,31.41603381221912,0.0250201402927875
771,771.0,6.122271,0.2085989872,0.0010644379,0.0002076066,34.622721594420135,0.025055185222957
772,772.0,6.100888,0.2086425712,0.0010583407,0.0002102865,32.351137940609306,0.0250231127962702
773,773.0,6.101093,0.2086693469,0.0010754345,0.0002132201,30.647820743344024,0.0249518232984033
774,774.0,6.180208,0.208648349,0.0010907269999999,0.0002120732,31.808787896901887,0.0251303517512859
775,775.0,6.200634,0.2085970623,0.0010715119,0.0002103411,34.83983511180489,0.025230955462543
776,776.0,6.200669,0.2086223367,0.0010631849,0.0002106962999999,33.35634311050528,0.025039771977184
777,777.0,6.11995,0.2086634503,0.0010750707,0.0002139044999999,31.23516321630505,0.025187779370644
778,778.0,6.10161,0.2086667344,0.0010977744,0.0002146814,30.52262852275006,0.0249570138116041
779,779.0,6.102016,0.208604661,0.0010741009,0.0002111245,34.012573833249064,0.0249446025683437
780,780.0,6.101513,0.2086389631999999,0.0010588409,0.0002107806,32.8686396460357,0.0252891623515825
781,781.0,6.101224,0.2086670246,0.0010624347,0.000212448,30.909284197175843,0.024942854248684
782,782.0,6.178962,0.2086539051,0.001083106,0.0002099692,32.26799600818313,0.0256281262881758
783,783.0,6.120736,0.2086223701,0.0010662979,0.0002074012,33.79949432452945,0.0253546770001777
784,784.0,6.097454,0.2086362884,0.0010491694,0.0002061674,33.17166428345189,0.025270630891852
785,785.0,6.017826,0.2086796762999999,0.0010635701999999,0.0002078135999999,30.144398861198628,0.0247906820625964
786,786.0,5.997419,0.2086887993999999,0.0010861878,0.0002087541999999,29.368174589068097,0.0247463441987431
787,787.0,5.919538,0.2086403184,0.0010777622,0.0002062828,32.484515951801626,0.0251432388989092
788,788.0,5.979469,0.2086345229,0.0010651745999999,0.0002054243,32.5816243834495,0.0248727035209231
789,789.0,5.997754,0.2086702927,0.0010676932,0.0002079746999999,30.64632691259153,0.0248472222549565
790,790.0,5.998138,0.2086685117,0.001095467,0.0002098238,30.20602489669493,0.0246823017071141
791,791.0,5.998358,0.2086294018,0.0010956742,0.0002077072,32.47316244766252,0.0248695995428801
792,792.0,5.919854,0.2085771956,0.0010590708,0.0002057851,35.50294818365119,0.0248217375756237
793,793.0,5.90035,0.2086327862,0.0010521015,0.0002070593,32.99503112198408,0.0250346938309209
794,794.0,5.900253,0.2086504011,0.0010686935,0.0002080877,31.864417239419197,0.0250145069944532
795,795.0,5.900492,0.2086142857,0.0010622703999999,0.0002036255,33.75482164846045,0.0249274072515144
