Time (s),Mass (g),HRR (kW),MFR (kg/s),T Duct (K),O2 (Vol fr),CO2 (Vol fr),CO (Vol fr),K Smoke (1/m)
0.0,86.03951,0.009598962365623055,0.025591370287640136,338.161,0.2094791186,0.00047308049999999997,3.03351e-05,0.0050380931598282075
1.0,84.613276,0.03261540123900554,0.026034704642204556,338.247,0.2094339366,0.0004581338,2.82555e-05,0.00552419993837926
2.0,82.285773,0.030001302970644374,0.025515893970657986,338.231,0.2094389594,0.0004572246,2.6717400000000003e-05,0.009707756697193995
3.0,80.726041,0.009065013677360699,0.02614258742736072,338.203,0.2094815488,0.00047492890000000004,2.67613e-05,0.0024392002973905084
4.0,77.943148,-0.011492220753817827,0.025930710519641676,338.272,0.20952358310000002,0.00048311769999999994,2.78374e-05,-0.00022090789097386435
5.0,76.852761,-0.02011482158240987,0.025779765423409515,338.306,0.2095462686,0.000463109,2.8804099999999998e-05,0.0015995052571312544
6.0,76.556426,-0.009606042737034175,0.026019344191365763,338.316,0.2095275831,0.0004456172,2.70509e-05,0.0025630078992352878
7.0,76.536268,0.011729759785645411,0.026404440748897647,338.264,0.209483688,0.00044062949999999995,2.56153e-05,0.0033851477902302725
8.0,76.463729,0.00412736687498854,0.026286902659083445,338.236,0.2094989469,0.0004451314,2.5158799999999997e-05,-0.0018996853974339878
9.0,76.158383,-0.01952806441610712,0.02582686328321969,338.255,0.2095434608,0.0004729188,2.70763e-05,0.017966670820184414
10.0,76.20762,-0.03138976864378345,0.025911852046815665,338.351,0.2095677844,0.0004751473,2.8913e-05,0.024875785831917754
11.0,76.321051,-0.02975871775077977,0.025947112054899104,338.446,0.2095681655,0.0004541643,3.01175e-05,0.02586608988925244
12.0,76.262257,-0.014677998657111127,0.025606514842087234,338.608,0.20953987519999998,0.00043903530000000005,2.8448599999999997e-05,0.031739513305127656
13.0,76.322575,0.005383940742097247,0.02539835717254116,338.735,0.2094976122,0.0004336772,2.7083200000000002e-05,0.027983821865702637
14.0,76.344894,-0.0025149742528001303,0.02562655568708535,338.815,0.2095132754,0.0004421353,2.67559e-05,0.025783539747961413
15.0,76.420607,-0.022460930009649775,0.025997823176885676,338.879,0.2095499478,0.0004684736,2.8429000000000002e-05,0.06580837506540192
16.0,76.441915,-0.03205739903363389,0.025646483635925837,338.978,0.2095702106,0.000472116,2.9963400000000002e-05,0.1565960478118391
17.0,76.365589,-0.02877756804595199,0.025808093834713906,339.117,0.20956606619999998,0.000456749,2.9478999999999997e-05,0.1323361146550413
18.0,76.26303,-0.010957548770441876,0.02578463006360495,339.216,0.2095309689,0.00044471999999999996,2.68123e-05,0.15180063768172844
19.0,76.241307,0.012581771236259845,0.025443279014850693,339.301,0.2094807407,0.0004416634,2.53908e-05,0.16478868081578485
20.0,76.240607,0.0029969474252382355,0.025688967949313225,339.394,0.2094982747,0.0004579081,2.58767e-05,0.3248887892674183
21.0,76.240928,-0.016668454653153298,0.025339132509184063,339.493,0.209535017,0.0004846514,2.8506500000000002e-05,0.44237727881706035
22.0,76.241174,-0.024792920221156367,0.025189898890525933,339.606,0.2095517191,0.00048658720000000004,3.1751900000000003e-05,0.3218225264252587
23.0,76.165416,-0.02450183343261129,0.025571588570274077,339.792,0.209552987,0.0004738386,3.1604100000000005e-05,0.3502285138159328
24.0,76.301403,-0.002255841423248953,0.025808840689615788,340.151,0.209505441,0.0004708611,3.0267599999999998e-05,0.16011664323608824
25.0,76.104255,0.009331738617905223,0.024938586277300667,341.088,0.2094772605,0.0004830765,2.9794399999999997e-05,0.022886612269327363
26.0,76.042737,4.719807646202013e-06,0.024535460541499132,342.474,0.2094943521,0.0004995007,3.08258e-05,0.05199956878315652
27.0,75.968049,-0.014796670223319592,0.024881611859184617,343.973,0.209521142,0.0005247552,3.41252e-05,0.036772143568447
28.0,75.722044,-0.020097083104491778,0.024269678498823014,345.282,0.20953259259999998,0.0005260799,3.79023e-05,0.02641682344183207
29.0,75.646717,-0.01296309485438138,0.024643858605240137,346.523,0.20951774489999997,0.0005135924,3.96305e-05,0.014439553830720318
30.0,75.568869,0.005759411018440133,0.024502882004605164,347.704,0.2094742148,0.0005146338000000001,4.1959400000000004e-05,0.007574337557215181
31.0,75.466323,0.008406219921683333,0.024538596900332145,348.729,0.2094599206,0.0005495224,4.4784200000000004e-05,0.009111061631030416
32.0,75.362223,-0.014000407957260987,0.02481076356971302,349.786,0.2094802224,0.0006852703000000001,5.0247499999999996e-05,0.022909625518273195
33.0,74.952764,-0.0494385183260816,0.024634545032360972,350.797,0.209493526,0.0009928494,5.81395e-05,0.02027283891305913
34.0,74.845021,-0.06416118412892262,0.024319939194691186,351.749,0.2094321266,0.0014413933000000001,6.54927e-05,0.004226961954887548
35.0,74.845735,0.007039931716237601,0.024643144481967836,352.419,0.20915999759999998,0.0019579323,6.7667e-05,0.0060009602817482155
36.0,74.689429,0.18158722368635904,0.024584596130161993,353.026,0.2086510281,0.0024957472,6.80375e-05,0.007572409513570899
37.0,74.253273,0.38763393988589023,0.024469526736967465,353.785,0.20808637619999998,0.0029364223,6.86099e-05,0.004359218461739722
38.0,73.751442,0.5679092553757775,0.024126112925074626,354.51,0.2075756899,0.0033199045,6.89565e-05,0.009992217038318048
39.0,73.95992,0.7522605022907414,0.02495963245158539,355.324,0.2071568353,0.0035555948,6.94271e-05,0.0054887988822460735
40.0,73.966029,0.8922145271572001,0.02452217206219967,355.945,0.20677819490000002,0.0036944165,6.834009999999999e-05,0.002187931697764284
41.0,73.863654,1.0174880701296847,0.02436192233983532,356.323,0.2064596882,0.0037777229,6.57968e-05,0.005108682599044396
42.0,73.687974,1.1352779090063756,0.024538644879123273,356.749,0.2062025564,0.0038008933999999998,6.43332e-05,0.0002998896088997681
43.0,73.57061,1.201037841248809,0.024676953901016308,357.245,0.2060688112,0.0037930450999999997,6.461370000000001e-05,0.011207812214457312
44.0,73.624677,1.2190093734941514,0.02459424213809943,357.66,0.206018294,0.0037907294,6.65998e-05,0.00598136072448752
45.0,73.488795,1.214777012424756,0.024597121393341182,357.935,0.20603047570000002,0.0037760756,6.90915e-05,0.009220204628802848
46.0,73.364545,1.2018444723194501,0.02442258918102827,358.071,0.2060451031,0.0037538361999999996,6.88222e-05,-0.00031743537614291903
47.0,73.16492,1.2019811048046636,0.02417183330286084,358.313,0.2060195183,0.0037401203,6.70239e-05,-0.00619628205315347
48.0,73.13835,1.2337058922987394,0.02451364065978611,358.686,0.20599042820000002,0.0037202795999999997,6.523830000000001e-05,0.0032625499693947403
49.0,73.066556,1.22779843665493,0.024586719492314967,359.033,0.2060172101,0.0036983632,6.432990000000001e-05,0.003694192217606844
50.0,72.925474,1.1952816297044544,0.024493381654827277,359.305,0.2060848602,0.0036819924,6.352260000000001e-05,-0.0004054337715489348
51.0,72.856671,1.1783280015621154,0.02458192775347527,359.539,0.2061401692,0.0036486797,6.430120000000001e-05,0.002115387412252717
52.0,72.847348,1.156655334413687,0.024280478356387088,359.715,0.2061704269,0.0035863687999999998,6.24626e-05,-0.0009692856987562656
53.0,72.765304,1.1925721460909775,0.024801896875186462,359.859,0.206162348,0.0035090964000000003,5.9384599999999994e-05,0.006196531104759751
54.0,72.669637,1.2068194240699313,0.02495363049056845,360.044,0.2061619823,0.0034382905000000003,5.74712e-05,0.007174638874432884
55.0,72.567255,1.1487840059634344,0.024542994763522077,360.319,0.20625679789999998,0.0034023628,5.78377e-05,0.012006997033711626
56.0,72.545014,1.1036650264599048,0.02463412233186385,360.506,0.2063714056,0.0033892453,6.03041e-05,0.0005725684887975397
57.0,72.468837,1.0827223027079036,0.02483150290478964,360.621,0.20644367660000001,0.0033620434,6.26285e-05,0.002721787734286314
58.0,72.28446,1.0845908027802993,0.025030033215533664,360.745,0.2064673869,0.0033215988,6.23751e-05,0.0008629629010414769
59.0,72.244151,1.0815191085266045,0.024666660217475007,360.852,0.2064447905,0.0032923969,6.168329999999999e-05,-0.009459495181876606
60.0,72.165112,1.082677182062339,0.024622668416928055,360.981,0.2064431879,0.0032671266999999998,6.106900000000001e-05,-0.0014349206854060797
61.0,72.062421,1.0348684996929254,0.024043057149938995,361.125,0.2064963932,0.0032620651000000002,6.1179e-05,0.004067824977866634
62.0,71.881251,1.01444133288689,0.024060853611848655,361.288,0.206547244,0.0032528199000000004,6.28442e-05,0.01018057546909119
63.0,71.843482,1.0364955637220774,0.024854812220712712,361.433,0.20658075650000002,0.0032142768,6.37119e-05,-0.0035898317883526023
64.0,71.766382,1.0284139521468416,0.024712927427890857,361.49,0.2065964624,0.0031647518,6.22052e-05,0.008442280996599109
65.0,71.665572,1.0266780473375838,0.02431510524654412,361.564,0.20657299680000002,0.0031158645,6.02938e-05,0.00029033612770299264
66.0,71.325831,1.0288759399754293,0.024583538896564887,361.615,0.20659914570000001,0.0030930998,5.87197e-05,0.00454909220127984
67.0,71.247137,0.9939344330515661,0.02449720371888952,361.596,0.20667204300000003,0.0030881525999999996,5.87157e-05,-0.0005101079025644833
68.0,71.246557,0.9718837470872826,0.024661754102556555,361.569,0.2067411329,0.003068977,5.96856e-05,0.0073641798233968206
69.0,71.113937,0.9358387828779792,0.02413879899396984,361.638,0.20678627989999998,0.0030257959000000003,5.89081e-05,0.0015303145051462183
70.0,71.053452,0.9554105905834424,0.024575143637575715,361.635,0.2067883801,0.0029908367000000004,5.62395e-05,-0.0021013590363032175
71.0,71.04665,0.9653998843444186,0.02445962371891235,361.584,0.2067602415,0.0029702929,5.3738e-05,-0.004105040048732583
72.0,70.879287,0.9571342611855557,0.024644004706437978,361.437,0.2067994788,0.0029527916,5.323439999999999e-05,-0.0034893284185904777
73.0,70.763819,0.9334678344229392,0.024708493639585157,361.376,0.2068621482,0.0029362601,5.39854e-05,-0.009242878119983026
74.0,70.744919,0.913793717094432,0.024703555803493676,361.44,0.20690962129999999,0.0029164537,5.6722200000000004e-05,-0.004130709140315196
75.0,70.744944,0.8986433008394059,0.024463935536134823,361.416,0.20693425980000002,0.0028671333999999997,5.68071e-05,-0.007415514931512669
76.0,70.584188,0.907804929895483,0.024678800468957453,361.431,0.2069409355,0.0028246029,5.4667200000000004e-05,-0.003681669876711878
77.0,70.466993,0.924703788651027,0.02502438948274202,361.389,0.2069360201,0.0028058253,5.29719e-05,0.0006152033591500016
78.0,70.448734,0.8909337500971876,0.0246465962642489,361.303,0.20698188569999998,0.0028026088,5.27996e-05,-0.006789572669601169
79.0,70.366125,0.86231043477137,0.024626336753772203,361.258,0.20704459830000002,0.0028040711,5.44723e-05,-0.01625559962237429
80.0,70.261997,0.8365171253257048,0.02435514267310545,361.164,0.2070868501,0.0027776383,5.68035e-05,-0.00815611726466423
81.0,70.164427,0.838283524630067,0.024481572272284487,361.046,0.2071012878,0.0027356737,5.7339699999999996e-05,-0.005276248592980176
82.0,70.146069,0.8496838169491469,0.024514257831421717,360.977,0.2070823132,0.0027159382,5.5970799999999996e-05,-0.010285104957100239
83.0,70.061573,0.8628584534046417,0.024640143234391045,360.909,0.2070621487,0.0027181066,5.49158e-05,-0.009643596918512182
84.0,69.717467,0.8333177048796188,0.024245324731204516,360.774,0.2070969056,0.0027260216999999997,5.48825e-05,-0.008045626227994323
85.0,69.727619,0.8281507400110857,0.024637631659880643,360.811,0.2071350929,0.0027439205999999997,5.65902e-05,0.0023875717628066826
86.0,69.748303,0.8163157601683072,0.024598582672892135,360.834,0.2071641747,0.0027158761,5.87778e-05,-0.0074214686764885705
87.0,69.588959,0.8285045644903692,0.02478708496411856,360.838,0.2071594407,0.0026756859,5.77554e-05,-0.012924385734066294
88.0,69.54689,0.8273758714430496,0.024292988685083092,360.834,0.2071313866,0.0026424631,5.6016e-05,-0.004543578048873123
89.0,69.464049,0.8380822007109882,0.024480677458254385,360.787,0.2071254698,0.0026251436,5.4914300000000004e-05,-0.013586860861995849
90.0,69.367564,0.8096776113649435,0.02446850832745742,360.809,0.207190605,0.0026203520000000003,5.51176e-05,-0.01461864483305734
91.0,69.272215,0.7907584399091347,0.024716370668727054,360.815,0.20725132850000003,0.0026203858,5.75926e-05,-0.013994381679495835
92.0,69.162582,0.7659953785635372,0.024334115573310663,360.755,0.20728435550000002,0.0025964997,6.0029000000000004e-05,-0.006381217568030202
93.0,69.141257,0.7536839240288264,0.02392678235932488,360.697,0.2072868391,0.0025797794,5.94306e-05,-0.008553082038242678
94.0,68.979217,0.7880216833751088,0.024580435340228354,360.656,0.20725713769999998,0.0025741501,5.79366e-05,-0.008867138403418524
95.0,68.943484,0.7911601154248993,0.024598212086592953,360.611,0.2072503103,0.0025800627999999996,5.71776e-05,-0.0065720995484382086
96.0,68.867093,0.7701088996697901,0.024513632412187934,360.508,0.20728852239999998,0.0025966779000000002,5.80391e-05,-0.004039769454023352
97.0,68.76471,0.7448663695967686,0.024370374666727264,360.457,0.2073359417,0.0025942694,6.04591e-05,-0.010405404125735967
98.0,68.744514,0.7488715619808172,0.024555113895291962,360.46,0.20734630469999998,0.0025631458,6.00445e-05,-0.009721386097927984
99.0,68.583249,0.7627383699696753,0.024743057493670676,360.452,0.20733688,0.0025241251999999995,5.7404099999999995e-05,-0.004134574952636835
100.0,68.544915,0.783093177642269,0.024737593971339594,360.388,0.2072962742,0.0025002263,5.45579e-05,-0.0076535642510345584
101.0,68.627716,0.7755076885097363,0.024687789374093737,360.315,0.20731211519999998,0.0024926810999999997,5.27738e-05,-0.007487432799407235
102.0,68.486727,0.7426590706248697,0.02447687024249701,360.255,0.2073693328,0.0025063563,5.29242e-05,-0.011267992808291868
103.0,68.364006,0.7089566161818425,0.024018724085733682,360.177,0.2074152239,0.0025044714,5.51002e-05,-0.02037794132167355
104.0,68.42912,0.7183619791428654,0.024572144045696912,360.131,0.2074366822,0.0024774308,5.50541e-05,-0.009838949007778389
105.0,68.365281,0.7310213087542127,0.024599940572537886,360.035,0.20741491780000001,0.0024554943,5.3058000000000006e-05,-0.006372830788902729
106.0,68.101063,0.7429056586647046,0.02450280961806704,360.023,0.2073838867,0.0024458427,5.07891e-05,-0.008795003222088883
107.0,67.964986,0.7312679301723911,0.02437047149990195,360.005,0.20740040669999998,0.0024516985999999998,5.02572e-05,-0.014502588594813822
108.0,67.946336,0.7279127453905239,0.02484488577303602,359.944,0.20743725959999998,0.0024639097,5.1202499999999996e-05,-0.011135660918467566
109.0,67.945779,0.7220599372724452,0.025006912623500726,359.933,0.20746093429999998,0.0024598978,5.3918e-05,-0.013783145894403647
110.0,67.851722,0.7197083170106802,0.024801004280749852,359.888,0.20745913989999998,0.0024279286,5.483509999999999e-05,-0.014804033354282764
111.0,67.761067,0.7207180657185864,0.02440539103030189,359.774,0.2074386285,0.0023923169999999997,5.25385e-05,-0.003989264956939196
112.0,67.745324,0.7299442173354596,0.02432589682690143,359.683,0.2074176328,0.002367199,5.11629e-05,-0.005055655735670948
113.0,67.577796,0.7219817587008955,0.024601910938518882,359.668,0.2074553573,0.0023633574,5.15089e-05,-0.012282563192293875
114.0,67.300193,0.6972862765353393,0.02448984375075734,359.556,0.2075018974,0.00237321,5.27923e-05,-0.011441537110790241
115.0,67.241813,0.6748496095203463,0.024036731421691385,359.425,0.20752201469999998,0.0023772918,5.65169e-05,-0.009928396701435013
116.0,67.241339,0.6890924849465828,0.02435502697597921,359.348,0.2075144874,0.0023529053,5.76224e-05,-0.008905349137937339
117.0,67.164425,0.7078199090877967,0.02455397289532521,359.318,0.20749001,0.0023286416,5.64685e-05,-0.005558780300191069
118.0,67.063352,0.7198897248315714,0.024723580433550257,359.288,0.2074765132,0.0023165849,5.56329e-05,-0.006492803330120676
119.0,66.959889,0.7061062024452094,0.024914133950565614,359.241,0.20751870790000002,0.0023212609,5.6673000000000004e-05,-0.010063119919929654
120.0,66.940291,0.6761911818388164,0.024582948724514685,359.16,0.20756568560000002,0.002317868,5.8306699999999995e-05,-0.01269799639014048
121.0,66.860886,0.6666696443494609,0.02439664466641373,359.138,0.20758068130000001,0.0022899418,6.0983499999999996e-05,-0.00997352181352659
122.0,66.758277,0.6794974828243072,0.02475481214114256,359.1,0.207582474,0.0022487837,6.06448e-05,-0.00689954282520791
123.0,66.661939,0.6824730040161184,0.02434807949002614,359.105,0.20755614390000002,0.0022202246,5.9774399999999995e-05,-0.010380843767311276
124.0,66.644204,0.7012087382086838,0.0250544168928069,359.085,0.20755866860000002,0.0022200602,5.94516e-05,-0.007945003937488338
125.0,66.56359,0.6671494039535718,0.02477053324342565,359.024,0.2076139018,0.002236958,6.05443e-05,-0.0009082589320190427
126.0,66.221384,0.6345051520465816,0.024466602190383987,358.997,0.2076652641,0.0022558771,6.27256e-05,-0.00024451883524168126
127.0,66.302625,0.6376166190957057,0.024756930609722234,358.904,0.20767804129999998,0.0022395381,6.454900000000001e-05,-0.012015752407319513
128.0,66.340607,0.6393028016789324,0.02440188439936975,358.865,0.2076588948,0.0022131475,6.38404e-05,-0.012023683054848579
129.0,66.263572,0.6671797129975408,0.024629317506384203,358.818,0.2076132388,0.002194093,6.302389999999999e-05,-0.00852542191088078
130.0,65.915861,0.6753499220957214,0.024799875319919926,358.723,0.207605694,0.0021918836999999997,6.29562e-05,-0.008419787081745936
131.0,66.003398,0.6594095140123867,0.024933895573074915,358.67,0.2076452197,0.0022118724000000003,6.404e-05,-0.016376054955395947
132.0,66.031663,0.6229635593529226,0.02430350271265653,358.577,0.20768941470000002,0.0022141235,6.68124e-05,-0.011312841460718096
133.0,65.958753,0.6162220345253332,0.02433528208090404,358.546,0.207711974,0.0021896434,6.66497e-05,-0.0056272237478354635
134.0,65.858723,0.6340253341777689,0.02463348795643219,358.576,0.2076941499,0.0021670902,6.42888e-05,-0.00962942967341334
135.0,65.78892,0.6438414640710328,0.0243748955726585,358.52,0.20766101110000001,0.0021483231,6.18333e-05,-0.006228533738827626
136.0,65.826991,0.6348170227419494,0.02443306804518573,358.53,0.2076863808,0.0021450163999999997,6.05433e-05,-0.009504812788912563
137.0,65.761974,0.6246539891505668,0.02481582475969151,358.445,0.2077279205,0.0021618956,6.163140000000001e-05,-0.007646891305977652
138.0,65.583719,0.6167142255854209,0.024956828928300184,358.453,0.20775390049999998,0.00215715,6.39952e-05,-0.01132258524966701
139.0,65.546244,0.6088274641557936,0.024845198047165104,358.386,0.207769045,0.0021392664,6.44285e-05,-0.017868415735632578
140.0,65.546212,0.6192284892420838,0.02470064202084361,358.3,0.2077426688,0.0021176048,6.22308e-05,-0.014821257245666387
141.0,65.383748,0.631351385969812,0.02463729487289567,358.302,0.2077134817,0.0021087715000000003,6.17242e-05,-0.010301350153380191
142.0,65.346753,0.6166064338778082,0.024478464340084844,358.365,0.2077356127,0.0021186672,6.24739e-05,-0.008166879721832684
143.0,65.264779,0.6045631113330492,0.024798840192460328,358.338,0.2077748411,0.0021442333,6.51266e-05,-0.00943783859253521
144.0,65.168638,0.5942816283675434,0.024748620770291677,358.348,0.20779541380000002,0.0021391741000000002,6.80087e-05,-0.011153022996277307
145.0,65.065576,0.5940452340852869,0.024582453587796597,358.406,0.207789428,0.0021260034999999997,6.85026e-05,-0.009821014664463187
146.0,64.960527,0.6100979223101322,0.02471104191293407,358.414,0.2077646674,0.0021056071000000003,6.746809999999999e-05,-0.009350173068323558
147.0,64.779225,0.6294098132351724,0.024925362512526084,358.413,0.2077351557,0.0020964103,6.71565e-05,-0.006971913058100904
148.0,64.74153,0.614981354624722,0.024901483162866823,358.357,0.2077632702,0.0021093127,6.80975e-05,-0.013641802436280277
149.0,64.66532,0.6006883093900233,0.025070818983401775,358.3,0.2077998217,0.0021293686,6.9773e-05,-0.020890647143856102
150.0,64.562648,0.5836530922148498,0.024831166443783265,358.277,0.2078251059,0.002126349,7.21922e-05,-0.008740250410337028
151.0,64.542868,0.5894555901999549,0.024931505594102697,358.238,0.2078217051,0.002107808,7.08019e-05,-0.008757652529627239
152.0,64.542283,0.613840858534032,0.025156406316650372,358.228,0.207780803,0.0021043327000000002,6.83125e-05,-0.009977039509768151
153.0,64.46553,0.6119305003603704,0.02467311765010592,358.247,0.2077573276,0.0021116792,6.68426e-05,-0.01626173125002526
154.0,64.271508,0.6100183578690823,0.0252505800562864,358.197,0.20778971429999998,0.0021285903,6.721900000000001e-05,-0.01194407670739252
155.0,64.244069,0.5786843892570634,0.024432116762578573,358.244,0.2078128337,0.0021406051,6.982740000000001e-05,-0.008418317586119026
156.0,64.247812,0.5777492866943954,0.024538026138536118,358.259,0.20782305569999998,0.0021258274,7.19194e-05,-0.009307818723924468
157.0,64.134812,0.5802645429390012,0.024417881883357116,358.22,0.2078176229,0.002093196,7.1814e-05,-0.009299930495822468
158.0,64.139431,0.5940862633018683,0.024156132180529793,358.284,0.2077753891,0.0020760707,6.97679e-05,-0.02003675296462113
159.0,64.06959,0.6074686761721307,0.02444194705484136,358.321,0.2077597617,0.0020821783999999998,6.91418e-05,-0.009719755031174658
160.0,63.965128,0.5902885910263572,0.024468034744729954,358.43,0.2077966148,0.0021007789,6.94837e-05,-0.00878734327927628
161.0,63.944888,0.582286713733717,0.024779311314377717,358.474,0.20782820789999998,0.0021155387,7.06929e-05,-0.013413852165158497
162.0,63.70144,0.5749060209531258,0.02450468057540311,358.479,0.2078345828,0.0020943583,7.114940000000001e-05,-0.017437714104433715
163.0,63.728522,0.5782662350615939,0.024126450331456935,358.456,0.2078117386,0.0020718626,6.85663e-05,-0.01330219028309571
164.0,63.665145,0.6069423042095776,0.024455524145913628,358.491,0.20776581260000002,0.0020659886999999997,6.711070000000001e-05,-0.011098418432132662
165.0,63.567941,0.6154478297234658,0.024878787121201028,358.408,0.20776649379999998,0.0020850968,6.66599e-05,-0.011334449557376348
166.0,63.466134,0.6033749271113968,0.025126759351567354,358.346,0.2078033577,0.0021014698,6.76581e-05,-0.004727923889997684
167.0,63.445875,0.5806608688168047,0.02449518137787996,358.348,0.2078165812,0.0021171187999999997,6.99427e-05,-0.01084172856968428
168.0,63.445481,0.58476516673344,0.024572699645861264,358.317,0.2078145252,0.0021007792,7.07822e-05,-0.011497239072614603
169.0,63.285925,0.590380424483396,0.02422786560209313,358.283,0.2077860291,0.0020863804,6.93878e-05,-0.012038403763335448
170.0,63.007417,0.617744013679243,0.024496929475782178,358.28,0.2077402879,0.0020784991,6.8711e-05,-0.008987320899073342
171.0,63.030767,0.613043875160143,0.024797545077462214,358.332,0.2077667769,0.0020838873999999997,6.91557e-05,-0.009416357740898962
172.0,62.886123,0.5833858271694823,0.024464114917001466,358.349,0.2078113828,0.0021017394999999998,7.13118e-05,-0.009740325010062218
173.0,62.689173,0.5759389035648449,0.02454468189757082,358.376,0.20783422810000002,0.0020900848999999997,7.41364e-05,-0.015696986090093262
174.0,62.65112,0.5764223110874519,0.024739772765401177,358.397,0.20784623400000002,0.0020769026,7.41795e-05,-0.011765746210971045
175.0,62.567893,0.5908580013701059,0.024678483202922836,358.439,0.2078157933,0.0020550407,7.11814e-05,-0.010197066953086545
176.0,62.523717,0.6043313741168386,0.024525284821375965,358.44,0.2077762693,0.002059053,6.97607e-05,-0.005223211834518829
177.0,62.381371,0.5869649796381807,0.024217069587888978,358.4,0.2077963183,0.002071484,6.970569999999999e-05,-0.010864900266759223
178.0,62.271745,0.5592445468797295,0.024162288820417432,358.417,0.2078511911,0.0020990475,7.14636e-05,-0.014062005928342062
179.0,62.226815,0.5818563435511548,0.025330524788263316,358.328,0.2078598266,0.0021010557,7.36132e-05,-0.01527030140136864
180.0,62.247838,0.5700734922413269,0.024791345054267923,358.365,0.2078621678,0.0020845556000000003,7.28427e-05,-0.011782898851115373
181.0,61.845888,0.5903256338866961,0.0248712648213282,358.332,0.2078252239,0.0020686916,6.923e-05,-0.018894236275057784
182.0,61.829867,0.5882552354998437,0.024257847970508617,358.362,0.20779592600000002,0.0020745941,6.69399e-05,-0.017167765314998275
183.0,61.930099,0.5711703162828626,0.02411888021082196,358.37,0.2078255849,0.0020855338,6.67506e-05,-0.012985433530830577
184.0,61.950353,0.5778834396440101,0.024867547145285808,358.359,0.2078464099,0.0021008931,6.908069999999999e-05,-0.01902301049721311
185.0,61.86827,0.5655135909664489,0.024479994197152636,358.323,0.2078558389,0.0020878474,7.195e-05,-0.011668989588821873
186.0,61.771675,0.5728312984721989,0.02441275956473133,358.308,0.2078412437,0.0020614237,7.118229999999999e-05,-0.00803421771487304
187.0,61.752743,0.6005822223063705,0.02474942807663114,358.329,0.2077997574,0.0020461173999999998,7.0362e-05,-0.011938208355394426
188.0,61.668052,0.6080547667162416,0.02468740098217539,358.327,0.2077793676,0.002046291,7.02694e-05,-0.008309426405801021
189.0,61.48681,0.5827923218039093,0.02436292222237398,358.25,0.20781479449999998,0.0020667309,7.04223e-05,-0.0067612271372724745
190.0,61.449573,0.5713659251620298,0.024528698434642553,358.277,0.2078466598,0.0020789128000000003,7.26468e-05,-0.010850838654459198
191.0,61.449788,0.5713355902306011,0.024592531869947858,358.305,0.2078554975,0.0020515028,7.36031e-05,-0.012577212519255516
192.0,61.373732,0.5721892165510253,0.02438705252061868,358.322,0.20784957269999998,0.0020209031999999997,7.17644e-05,-0.016848774289008633
193.0,61.271752,0.5983956121675281,0.024680822656657057,358.332,0.20780941330000002,0.0020056012,7.02655e-05,-0.010950513779057784
194.0,61.251343,0.5964222012257476,0.02459620087194344,358.342,0.2078087268,0.0020080217,7.02772e-05,-0.006537609996865543
195.0,61.251369,0.5727972454479655,0.024586244190782522,358.28,0.207857777,0.0020270265,7.11489e-05,-0.011836929170235109
196.0,61.173065,0.5539867011037175,0.024425879622864695,358.265,0.20788929020000002,0.0020371332,7.39545e-05,-0.006538367723205158
197.0,61.070425,0.5516414890382287,0.024612907182902304,358.242,0.20790883010000002,0.0020144966,7.44563e-05,-0.007195721177603044
198.0,61.013928,0.567819842878427,0.024823499628316176,358.167,0.20788782430000002,0.0019943589,7.252510000000001e-05,-0.00745970212864329
199.0,60.965009,0.571474893048388,0.024362777695335194,358.22,0.2078555244,0.0019944419,7.14542e-05,-0.004323050584858901
200.0,60.708641,0.5707196426766342,0.024643428022621056,358.347,0.20786864479999997,0.002010732,7.196479999999999e-05,-0.011677579386797657
201.0,60.629918,0.5491759372727542,0.024548334010470307,358.388,0.2079077281,0.002032446,7.35466e-05,-0.013790381043524357
202.0,60.647669,0.5382652119352407,0.02452708736568704,358.411,0.207931068,0.0020303522,7.626080000000001e-05,-0.005623389230893535
203.0,60.570351,0.5371292448963225,0.02459055231583429,358.472,0.2079433027,0.0019986783,7.663e-05,-0.008194105644376507
204.0,60.390268,0.5512251857993999,0.024594826143646522,358.443,0.207916991,0.0019763964,7.38836e-05,-0.008896098707568363
205.0,60.351609,0.5752020210226954,0.024831792333452275,358.434,0.2078749187,0.0019788633,7.22371e-05,-0.012877749038419662
206.0,60.274313,0.5602623405186146,0.024599853443817828,358.448,0.2078949966,0.0019874803,7.201230000000001e-05,-0.008660879113035366
207.0,60.17092,0.545488972037596,0.024807012851267317,358.431,0.2079311873,0.0020222312000000003,7.37433e-05,-0.007512250560754494
208.0,60.07418,0.540058365069204,0.025030363134497486,358.329,0.2079519719,0.0020301285,7.58277e-05,-0.005854469126974523
209.0,60.056471,0.5309008460646892,0.024669712975839826,358.288,0.2079596232,0.002010038,7.48431e-05,-0.009950912012477858
210.0,59.973893,0.5413679108616432,0.024409205516954226,358.199,0.2079268801,0.0019929843,7.31093e-05,-0.014834872277983486
211.0,59.790767,0.5653023264039695,0.0247941437463913,358.149,0.2078933678,0.0019905598,7.084329999999999e-05,-0.014853368680619856
212.0,59.753762,0.5436963285361583,0.02440436246400249,358.167,0.2079215469,0.001997783,6.94548e-05,-0.012293206683809135
213.0,59.67033,0.5374695722303066,0.024901883282040103,358.155,0.2079572104,0.0020139979,6.91856e-05,-0.004432885563157836
214.0,59.574526,0.5338363050131281,0.025018346329748864,358.138,0.2079729955,0.0020030083000000002,6.99693e-05,-0.004713639788217266
215.0,59.473345,0.5354924111556929,0.024752779645407546,358.201,0.2079608138,0.0019836306,6.89424e-05,-0.01287109411345118
216.0,59.453582,0.5497361202853214,0.024508758066277597,358.202,0.2079212121,0.0019629943999999997,6.68192e-05,-0.011196029295615063
217.0,59.290171,0.5584099778726742,0.024418024626020333,358.16,0.207896739,0.0019619328,6.71573e-05,-0.016086742515731663
218.0,59.252735,0.544926981478468,0.02447375874086917,358.054,0.2079278476,0.0019720652,6.88166e-05,-0.012974328804969102
219.0,59.17581,0.5361287125465916,0.024852657006695797,357.991,0.2079618319,0.0019896159,7.23403e-05,-0.011940013226075245
220.0,59.044457,0.537466997706918,0.024814692794772296,358.017,0.20795794829999997,0.0019809266000000002,7.47304e-05,-0.017234167736736486
221.0,58.96989,0.5444238260484672,0.02463679185791512,357.982,0.2079368528,0.0019657725,7.37687e-05,-0.008502292033159761
222.0,58.957927,0.5690987174585891,0.024817787057648474,357.984,0.2078911436,0.0019631751,7.25081e-05,-0.01014911886463402
223.0,58.853591,0.5597077277483544,0.02421042496763411,357.969,0.2078783924,0.0019748794,7.19611e-05,-0.008587964741181937
224.0,58.770684,0.5456557001999349,0.024442146638412158,358.029,0.20791642159999998,0.0020042509,7.29819e-05,-0.017649561276243626
225.0,58.757126,0.5344818102129764,0.024590756903550202,358.026,0.2079474686,0.0020101208,7.515520000000001e-05,-0.008929896771773688
226.0,58.673699,0.524491508669119,0.024171665631400746,357.989,0.20795293780000002,0.0019918288,7.62738e-05,-0.007078922976367593
227.0,58.654172,0.5559804634533264,0.02471166794167103,357.975,0.2079144016,0.0019650765000000002,7.41821e-05,-0.005622720057901064
228.0,58.570968,0.5825717747643424,0.024856362721851703,357.92,0.2078628396,0.0019631596,7.2283e-05,-0.009620321129048124
229.0,58.474999,0.572381976086314,0.02448777229242047,357.928,0.2078649807,0.0019724716,7.07424e-05,-0.0008686299588454751
230.0,58.455485,0.5597720346591488,0.024791352911795256,357.961,0.2079039885,0.001998436,7.11201e-05,-0.005938439349391926
231.0,58.212358,0.5500887970138176,0.024944508213539204,358.027,0.20793013729999998,0.0020118446000000003,7.27958e-05,-0.009339570452304713
232.0,58.15255,0.5495043831309563,0.024916346488433674,358.063,0.2079309657,0.0020082373,7.23342e-05,-0.012125657495454857
233.0,58.152131,0.5583277997173751,0.024690379929029563,358.092,0.20790231580000001,0.0019992289,6.999090000000001e-05,-0.009557285264666912
234.0,58.075586,0.5877061719366908,0.024811677660522554,358.1,0.20784160910000002,0.0020046439,6.8293e-05,-0.008749574424797277
235.0,58.057247,0.5756299128962686,0.024578844780594206,358.149,0.20785334160000002,0.0020192337,6.88459e-05,-0.010220426453522407
236.0,57.972174,0.5527619796252968,0.024361355500077495,358.255,0.2078895288,0.0020387483,7.06924e-05,-0.011928298245357512
237.0,57.873467,0.5459645112527228,0.024551038107327935,358.28,0.2079125742,0.0020451443,7.34754e-05,-0.012672300769579524
238.0,57.771208,0.5465618047674276,0.02443647095594587,358.309,0.2079083121,0.0020310796,7.34208e-05,-0.0107978191665337
239.0,57.66883,0.5662542458730064,0.024580307236302466,358.395,0.2078750791,0.0020148793,7.06586e-05,0.001219036764188969
240.0,57.571498,0.5815904039814754,0.024178374917513897,358.511,0.20782018310000003,0.0020082167,6.85358e-05,-0.007836651475312605
241.0,57.470075,0.5759424043269676,0.024366097947214786,358.535,0.2078407066,0.0020230711,6.78477e-05,-0.00963070669280385
242.0,57.348327,0.558091990509198,0.024399990842084184,358.571,0.2078769339,0.0020534925000000002,6.86481e-05,-0.007186177548286585
243.0,57.188123,0.5487817826924987,0.02439198294851405,358.626,0.2078947574,0.0020656695,7.04096e-05,-0.010688576695006986
244.0,57.154857,0.551414934451865,0.02428156784885676,358.742,0.2078850679,0.0020576565,6.91031e-05,-0.008646719552861398
245.0,56.990767,0.5733954817436788,0.02445860161285407,358.792,0.20784448479999998,0.0020577924,6.73727e-05,-0.00943280037125519
246.0,56.954081,0.5965099939729386,0.024658365182540498,358.873,0.2078008376,0.0020675177,6.658e-05,-0.01818140562809423
247.0,56.87079,0.5837795845279512,0.024507969396702044,358.921,0.2078153996,0.0020966791,6.704049999999999e-05,-0.0067090337515208764
248.0,56.690239,0.5556533276997987,0.023934255490275776,358.977,0.2078446088,0.002115607,6.909450000000001e-05,-0.012582911776560476
249.0,56.653566,0.5607163669196954,0.024046754769901764,358.995,0.20784153239999997,0.0021006272,7.04997e-05,-0.013283687290134797
250.0,56.568172,0.5841889334495138,0.024604341144119586,359.028,0.207821468,0.0020842383,6.94186e-05,-0.005860793448263686
251.0,56.388221,0.6029904427230537,0.02454342931664892,359.076,0.2077766832,0.002080812,6.7262e-05,-0.014990130565432481
252.0,56.349037,0.6023394594075301,0.024248398611216977,359.088,0.20775956069999998,0.0020910624,6.64957e-05,-0.009941353652957728
253.0,56.272112,0.582208276567114,0.02415554371868098,359.102,0.2077952663,0.0021169804,6.72515e-05,-0.00902186246536541
254.0,56.171129,0.5760673976432551,0.02457887238171777,359.128,0.2078277782,0.0021355832,6.98096e-05,-0.01603238135336468
255.0,56.150431,0.5680655460513884,0.02436043342213619,359.108,0.20783604279999998,0.0021272865,7.00821e-05,-0.014747055021914132
256.0,56.072373,0.5851773616834673,0.02435788853070525,359.156,0.20780041929999998,0.0021118308999999997,6.81503e-05,-0.0132502218595756
257.0,55.970059,0.609422496710877,0.02443484773434148,359.183,0.2077509266,0.0021061887,6.608949999999999e-05,-0.01634882433850055
258.0,55.87126,0.6073783252708816,0.02431119527435555,359.285,0.20774674059999998,0.0021159755999999997,6.536540000000001e-05,-0.008709544272338679
259.0,55.852989,0.5998357221587547,0.024745245014331885,359.274,0.20778439729999998,0.0021333198,6.64762e-05,-0.010340940747667463
260.0,55.7693,0.5879969694548989,0.024804000652013863,359.186,0.2078119775,0.0021392631000000002,6.98162e-05,-0.00828373781181467
261.0,55.750514,0.5856683618120496,0.024683106485323052,359.161,0.20781455359999998,0.0021177753,7.17882e-05,-0.009310678785632798
262.0,55.590612,0.6061984146709212,0.025019371014563745,359.136,0.2077895561,0.0021032232,7.15297e-05,-0.011310045538175703
263.0,55.552311,0.6168506016613071,0.024750907615550495,359.12,0.2077519504,0.0020987352,7.061139999999999e-05,-0.007192508153595101
264.0,55.525707,0.6072081179848184,0.024734359035406366,359.184,0.20777075060000003,0.0021082559,7.10066e-05,-0.011760754582491994
265.0,55.461122,0.5939116776701221,0.02494099278319344,359.2,0.20780586199999998,0.0021362446,7.19952e-05,-0.014147590860473848
266.0,55.369741,0.5751707332677168,0.024610773280486494,359.151,0.20782947270000002,0.0021381743,7.41917e-05,-0.010687514289904342
267.0,55.323323,0.5743428304949121,0.024510624807183537,359.145,0.2078310333,0.00211483,7.37377e-05,-0.009364468030511894
268.0,55.261644,0.5906415176606402,0.024507489704018344,359.17,0.2077997182,0.002089657,7.11746e-05,-0.012478565433160295
269.0,55.171248,0.6120282720582297,0.02483063975872264,359.187,0.20777103270000002,0.0020832064,6.9231e-05,-0.008041151310058328
270.0,55.069107,0.593770993667684,0.024593683402988724,359.192,0.2077977359,0.0020912274,6.9019e-05,-0.011981923644729801
271.0,55.048799,0.574102971269427,0.024565621952402122,359.186,0.2078354652,0.0021173603999999997,6.94662e-05,-0.008034628173465546
272.0,54.970328,0.5651255187458539,0.0245659532509593,359.212,0.2078548426,0.0021206382,7.0732e-05,-0.007763228788632196
273.0,54.868387,0.5787335692423052,0.024832550226088275,359.237,0.2078422291,0.0021036169,6.86732e-05,-0.006798611357739426
274.0,54.688024,0.5941276976734818,0.024499067274874494,359.228,0.2077929768,0.002091461,6.5153e-05,-0.002240634391132286
275.0,54.734678,0.6153028565177465,0.02471049806256526,359.269,0.20775682169999998,0.0020946815,6.24821e-05,-0.0011776384268373924
276.0,54.590732,0.5949822150752602,0.024480048016065736,359.261,0.20778624310000002,0.0021153057,6.15406e-05,-0.011209181246117925
277.0,54.553129,0.5805146469884254,0.024627410114951665,359.365,0.2078222688,0.0021380857,6.24292e-05,-0.013194586425586777
278.0,54.552742,0.5830130113997057,0.024997364698945475,359.459,0.20783725249999999,0.0021300199000000002,6.43028e-05,-0.013750837498146607
279.0,54.384313,0.585755862598352,0.024817430755118913,359.568,0.2078246855,0.0021166478,6.33801e-05,-0.0027522787004856455
280.0,54.270058,0.5973471586505058,0.02449745538476044,359.543,0.2077821961,0.0021133368,6.158079999999999e-05,-0.004335097947086766
281.0,54.167018,0.6198015221158195,0.024858197052369843,359.534,0.20775193909999998,0.0021116635,6.1017600000000003e-05,-0.009108469207634227
282.0,54.146251,0.5993250142738754,0.024491900582858106,359.589,0.2077752518,0.0021226561,6.20656e-05,-0.017120870728531745
283.0,54.067295,0.5895864991518331,0.02473672640357485,359.523,0.2078067682,0.0021373091,6.517799999999999e-05,-0.009998215913033513
284.0,53.887942,0.5840176983565792,0.024628412347800506,359.481,0.20781678580000001,0.0021177812,6.76371e-05,-0.009085075482934383
285.0,53.766721,0.5923018528803182,0.024615395275198623,359.435,0.2077992202,0.0021079434,6.77807e-05,-0.012127582211867865
286.0,53.658283,0.6057411496591866,0.024338261995222966,359.461,0.20775413950000002,0.0021034227,6.694249999999999e-05,-0.010336016430480606
287.0,53.563341,0.6116319107897862,0.02442562042862608,359.484,0.2077435073,0.0021142135,6.6523e-05,-0.0075147346182120435
288.0,53.468652,0.5916543712673188,0.024352557067933354,359.557,0.20778144099999998,0.0021317069,6.70961e-05,-0.009784807944234027
289.0,53.41478,0.5835753409220464,0.024588888433971272,359.624,0.2078108958,0.0021382905,6.906019999999999e-05,-0.009434161268302056
290.0,53.359249,0.5902416326056238,0.024915179071897865,359.648,0.2078161688,0.0021241068,6.93657e-05,-0.00840669692649538
291.0,53.264267,0.5966468661956887,0.02472468027837011,359.694,0.2077958584,0.0021059979,6.74275e-05,-0.00789866161025195
292.0,53.164925,0.6208826104965508,0.024770074005076022,359.623,0.2077466351,0.0020950608,6.49106e-05,-0.009800100388651771
293.0,53.146408,0.6105527759101144,0.024452758972505838,359.588,0.20774945679999998,0.0021091476000000002,6.40188e-05,-0.00857733767883301
294.0,53.062629,0.601412341499453,0.02488503813087914,359.602,0.2077873773,0.0021411842,6.49191e-05,-0.00907980285621523
295.0,53.042664,0.5782464591365944,0.024491478034260068,359.766,0.20781384,0.0021612767,6.665660000000001e-05,-0.004360898645299367
296.0,52.964711,0.5828693110640799,0.024610856596890038,359.867,0.2078142919,0.0021399435,6.631660000000001e-05,-0.0024496247175539963
297.0,52.946624,0.5867984175126559,0.024194874210305993,359.92,0.20778618810000002,0.0021241233,6.47937e-05,-0.0018417381119416397
298.0,52.863038,0.6149037194196486,0.024509868283639685,359.885,0.20774025819999997,0.0021218011,6.36525e-05,-0.0028815392860256383
299.0,52.764452,0.6015863894398924,0.024052055345967552,359.904,0.2077398461,0.0021433555,6.421460000000001e-05,-0.007752884242649747
300.0,52.746268,0.6015271897278742,0.024722824169843206,359.97,0.2077740776,0.0021592489,6.60497e-05,-0.004714056759831051
301.0,52.661955,0.5808275983319502,0.024292339527449518,360.019,0.20779676039999997,0.0021595056,6.85341e-05,-0.007373705711319891
302.0,52.564685,0.5787107747672757,0.024043980291400497,359.925,0.20779211320000002,0.002138248,6.90181e-05,-0.008403894531527836
303.0,52.462686,0.601243262746848,0.024295963561590507,359.882,0.20775636890000002,0.0021302312000000003,6.73416e-05,-0.00013219318299705136
304.0,52.443305,0.6099247512545717,0.023987942150612885,359.884,0.2077183312,0.002132291,6.59082e-05,-0.008570712565075744
305.0,52.359315,0.6203476923212413,0.02460881997586126,359.883,0.20772862979999998,0.0021423841,6.5384e-05,-0.014441988635735096
306.0,52.261078,0.6088016348459712,0.024793210957071713,359.92,0.20776073060000003,0.0021634873,6.57318e-05,-0.010754637804368515
307.0,52.243074,0.599256623149067,0.024682169185364273,359.977,0.2077784703,0.0021507945,6.68559e-05,-0.004035866765635445
308.0,52.150776,0.605633338186217,0.024696867111363006,360.019,0.20776858980000001,0.0021360529,6.47888e-05,-0.010403015306315905
309.0,52.13635,0.6187155511339063,0.02447410643304529,360.073,0.2077283268,0.0021295147,6.23134e-05,-0.005700953413258749
310.0,52.060938,0.6209160719719585,0.024104262060882398,360.117,0.207700268,0.0021372086,6.11276e-05,-0.009188731671489129
311.0,51.815656,0.6120535624011295,0.02438642540722334,360.156,0.2077321743,0.0021603163,6.21942e-05,-0.008449293482256055
312.0,51.827045,0.5931902862081447,0.02430898525204125,360.176,0.20776654090000002,0.0021786190999999997,6.4625e-05,-0.007965158549584357
313.0,51.758918,0.5984106986890771,0.024616218906971823,360.192,0.2077712144,0.0021776989,6.666260000000001e-05,-0.005983385929641043
314.0,51.661038,0.6175783369840663,0.024872415933221648,360.221,0.2077452572,0.0021641122,6.55773e-05,-0.008017952170375375
315.0,51.559238,0.6306213785685593,0.02457396800856466,360.144,0.20770150520000003,0.0021533042,6.36663e-05,-0.009039158430713432
316.0,51.53997,0.6387776770504723,0.024595202532111792,360.109,0.2076832455,0.0021594675999999998,6.257969999999999e-05,-0.007365802220414232
317.0,51.378074,0.6157540805846721,0.02461323712444588,360.164,0.2077328426,0.0021769207,6.33887e-05,-0.00899606115723419
318.0,51.341881,0.5864852797266058,0.024168531600670434,360.237,0.207770486,0.0021941303,6.58608e-05,-0.006424369532406273
319.0,51.25741,0.5848720793606292,0.0242232115386606,360.281,0.2077789524,0.0021824373,6.809950000000001e-05,-0.007499044637005072
320.0,51.160658,0.6106843175930787,0.02457254554672747,360.26,0.20774424079999998,0.0021617256,6.63167e-05,-0.005623060380007671
321.0,51.059579,0.6131153557938891,0.023983459424117542,360.18,0.2077069251,0.0021527898000000003,6.42064e-05,-0.010952242190002712
322.0,50.963087,0.6264996817598333,0.02450832763484716,360.202,0.2077081816,0.0021503158,6.22762e-05,-0.012247436539742322
323.0,50.782091,0.6051125838452386,0.024377015986882522,360.23,0.2077468623,0.0021645660999999997,6.17457e-05,-0.008469628234190816
324.0,50.743286,0.5948295183349055,0.02448404302042465,360.322,0.2077735513,0.0021793142,6.1349e-05,-0.006179628798895793
325.0,50.65947,0.5939304829886782,0.024446369283741304,360.356,0.2077768882,0.0021634717,6.11315e-05,-0.008701083273555139
326.0,50.56262,0.6045928155239434,0.02436421426717645,360.328,0.2077509743,0.0021514504,5.9085999999999996e-05,-0.0130901128718891
327.0,50.544902,0.6312525137859843,0.024567500728013343,360.381,0.2077035898,0.0021457978,5.68705e-05,-0.008376632781446267
328.0,50.462095,0.6295565456250114,0.024713312262862667,360.377,0.20771521369999998,0.0021498652,5.6512100000000004e-05,-0.007381430266142169
329.0,50.281566,0.5965883097818665,0.02413698536594852,360.379,0.2077533195,0.0021677370000000003,5.83836e-05,-0.007399901322503303
330.0,50.237232,0.5861043165929495,0.024149877855009192,360.46,0.20777602139999998,0.0021757553,6.04183e-05,-0.013764886148714432
331.0,50.158643,0.5859057390982864,0.024063239413237663,360.499,0.2077746125,0.0021602119,6.10298e-05,-0.008962200936227913
332.0,50.063149,0.6114223388390266,0.02449048688199599,360.478,0.207741144,0.0021575515,5.93759e-05,-0.00514391883071425
333.0,49.982831,0.6375203043917795,0.024612849433439905,360.478,0.2076872639,0.0021652915,5.87412e-05,-0.012217426292667841
334.0,49.868298,0.6190786011408398,0.02415739232758975,360.458,0.2076993043,0.0021799263,5.97112e-05,-0.006134059524055126
335.0,49.845054,0.6071472778572929,0.024455062678016393,360.366,0.2077380402,0.0022055702999999997,6.19232e-05,-0.01221204978228057
336.0,49.760037,0.6091894927096418,0.024637888786264942,360.331,0.207742822,0.0022052177,6.47445e-05,-0.007431879505674668
337.0,49.663172,0.6204128569732051,0.02481994816137656,360.389,0.2077326655,0.0021821615,6.40956e-05,-0.006611966685106059
338.0,49.645586,0.6345665754838724,0.024627864911020807,360.436,0.2076928059,0.002170117,6.182799999999999e-05,-0.008598581707234406
339.0,49.563992,0.6461796243613223,0.024500723797193136,360.463,0.2076600263,0.0021672032,5.98323e-05,-0.011962063420669574
340.0,49.466084,0.626097739175905,0.02424905572126834,360.466,0.2076886469,0.002180194,5.91426e-05,-0.012033499577923313
341.0,49.446565,0.619879175890741,0.02472046921380765,360.533,0.2077254721,0.0022010078,6.0731300000000006e-05,-0.0048048818234188795
342.0,49.445932,0.6060412345574012,0.024630174018001424,360.563,0.20775376219999997,0.0021884316,6.2671e-05,0.001820248939887898
343.0,49.361987,0.6011278072572562,0.024226372901459882,360.568,0.20774534209999998,0.0021738182999999998,6.22142e-05,-0.00282703865591731
344.0,49.264233,0.6298959607088336,0.024609101237063658,360.546,0.2077044209,0.0021620085999999998,6.0702500000000004e-05,-0.00383449173778342
345.0,49.246024,0.6527294297212006,0.024871747050389737,360.517,0.2076684547,0.0021631619,5.89823e-05,-0.0040204710361261935
346.0,49.162987,0.6408450844888894,0.024979770292439057,360.508,0.20769795210000003,0.0021800736,5.90422e-05,-0.0038616683870329907
347.0,49.144931,0.6159221543268855,0.024635353609564575,360.487,0.20772957779999998,0.0022012868,6.0683799999999997e-05,-0.004232757298324267
348.0,49.061963,0.6097347630816866,0.024543508129362988,360.443,0.207740139,0.0021919216,6.14839e-05,-0.007095233068189189
349.0,48.964064,0.6257217735724544,0.024794464220475484,360.409,0.2077224468,0.0021751324,5.8983899999999996e-05,-0.009541419682912253
350.0,48.945186,0.6423724265693852,0.024612530712650273,360.39,0.20767566169999999,0.002170747,5.69828e-05,-0.0064327959530078695
351.0,48.861729,0.6444207242539346,0.024560602937940712,360.398,0.2076663107,0.0021803984,5.57399e-05,-0.002439480482749492
352.0,48.681107,0.6252190208759102,0.024532434721572408,360.44,0.20770381359999998,0.0022021166,5.6235699999999994e-05,-0.007643028554411776
353.0,48.643088,0.595254870358235,0.02420262778961956,360.477,0.2077486059,0.0022230473000000002,5.85059e-05,-0.004462887962426341
354.0,48.566033,0.6002511212373216,0.024507728631395886,360.481,0.2077573439,0.0022072140000000003,5.9359e-05,-0.006910357682236088
355.0,48.424761,0.6189504304864304,0.024753457413064863,360.411,0.207734074,0.0021835729000000003,5.784219999999999e-05,-0.00607973755348295
356.0,48.435458,0.6398671570875782,0.024697816907736012,360.513,0.20768668,0.0021698404,5.6725100000000003e-05,-0.006848310533486705
357.0,48.365239,0.6315170691829668,0.024480156918233936,360.571,0.2076918939,0.0021751921,5.638e-05,-0.0034116237773914927
358.0,48.267434,0.6020946011108388,0.02411514021231729,360.571,0.2077312316,0.0022077555,5.7516199999999997e-05,-0.011917526519583653
359.0,48.24435,0.5940634440088419,0.02420335894474867,360.617,0.2077504801,0.0022251268,5.99382e-05,-0.013974359639936434
360.0,48.162789,0.60861277283468,0.024584979653960705,360.657,0.2077390073,0.0022226607000000002,6.0434e-05,-0.00917101096488558
361.0,48.065143,0.6216512063881594,0.024512901447884015,360.679,0.2077065681,0.0022183026,5.8838900000000003e-05,-0.005346073447697666
362.0,48.046529,0.6574978565798278,0.024840743137397186,360.744,0.2076467452,0.0022094633999999998,5.74503e-05,-0.01171193627004023
363.0,47.962438,0.6395189483267723,0.024395574411979343,360.787,0.20765948,0.0022168320999999998,5.737e-05,-0.00442651265646751
364.0,47.864517,0.6219477081519502,0.024447917900106347,360.886,0.2076955306,0.0022506846,5.8366700000000005e-05,-0.00810854053935821
365.0,47.762574,0.6130339535885646,0.024554589806758082,360.966,0.2077184743,0.0022642971000000002,6.0590499999999995e-05,-0.005600489514005134
366.0,47.744022,0.6113462339820022,0.024361691051364827,361.07,0.2077135607,0.002252919,6.08373e-05,0.00043297466869206605
367.0,47.66704,0.6307775278750607,0.024478706775207176,361.104,0.20767838730000002,0.0022442506,5.8525699999999994e-05,-0.0026150476252498277
368.0,47.565273,0.6397433177397188,0.024148296730741464,361.196,0.2076369481,0.0022503407000000002,5.73279e-05,-0.006703610331526066
369.0,47.466698,0.6320668809864765,0.024133363561847098,361.22,0.2076485804,0.0022757152,5.73328e-05,-0.01320668515376298
370.0,47.447186,0.6198574075775062,0.024202402238921044,361.272,0.2076736451,0.0023081565,5.92259e-05,-0.009287249390567439
371.0,47.364955,0.624385785349202,0.024334988445760014,361.302,0.2076682555,0.0023182975,6.1169e-05,-0.015204130949494665
372.0,47.268818,0.6375405135872372,0.024341121938840683,361.383,0.2076416898,0.0023035418,6.03063e-05,-0.008844033269999396
373.0,47.167432,0.658775045867908,0.024335767389190292,361.381,0.2075941782,0.0022997061,5.75848e-05,-0.005825744985288418
374.0,47.063547,0.6813002438060589,0.02445248401653189,361.417,0.2075483595,0.0023100531,5.54149e-05,-0.005604449639848952
375.0,46.881108,0.6625369852140827,0.02415460764861075,361.568,0.2075654431,0.0023458083,5.4750199999999996e-05,0.0033728343861195156
376.0,46.7676,0.6673526605056557,0.02485038065790507,361.703,0.207592599,0.0023693435,5.51643e-05,-0.007023099188341608
377.0,46.733284,0.6547645186974265,0.024532064431397153,361.753,0.20760299929999998,0.0023629416,5.56431e-05,-0.01019646315571389
378.0,46.663035,0.6699350381942699,0.02476453451771938,361.708,0.2075874314,0.0023432600000000002,5.3796800000000006e-05,-0.004005560281252483
379.0,46.647518,0.6868479850616765,0.024399434625987704,361.705,0.20752861549999999,0.0023330907,5.1935200000000004e-05,-0.007876287191816123
380.0,46.493103,0.7054856512061671,0.02476003814387209,361.789,0.207508539,0.0023387753,5.09757e-05,-0.006518087564289235
381.0,46.447738,0.667892243571064,0.024038780163436534,361.863,0.207544797,0.0023545307,5.16343e-05,0.005957162197807001
382.0,46.446242,0.6669037265072624,0.024612007682195135,361.858,0.2075761682,0.002385188,5.39244e-05,-0.006472896662800897
383.0,46.287058,0.6488684407041034,0.024090709644453367,361.987,0.2075835149,0.0023920433,5.48726e-05,-0.01029740084049509
384.0,46.24974,0.6657454224401939,0.02437557063543945,362.036,0.2075618595,0.0023959969,5.38857e-05,-0.0009878239768795869
385.0,46.249394,0.6906801887052226,0.024535935092674935,362.095,0.2075150129,0.0023999596,5.11085e-05,0.0019845705808673075
386.0,46.085999,0.7024818770061473,0.024709559034045644,362.241,0.2074977556,0.002409077,5.0142499999999996e-05,6.173344315978369e-05
387.0,46.048775,0.6744464671483098,0.02410785901115038,362.384,0.20751616760000002,0.0024411641,5.1122900000000005e-05,-0.00615302477325396
388.0,46.048222,0.6807021484887984,0.024529408363415137,362.449,0.20752400990000003,0.0024606372,5.3346699999999995e-05,-0.005280421240505042
389.0,45.888827,0.6871466158849764,0.02450088603327311,362.563,0.20750834529999998,0.0024562281,5.3406800000000005e-05,-0.0049365340230550095
390.0,45.850045,0.6961468041938126,0.02427736590660211,362.611,0.2074762439,0.0024447901999999997,5.11087e-05,-0.004169710832378668
391.0,45.849489,0.7240896736501558,0.02457380246525058,362.721,0.20743012090000001,0.0024546468,5.02217e-05,-0.002441950080218673
392.0,45.688948,0.7110328105877094,0.02436410523116557,362.816,0.2074413333,0.0024763776000000003,5.05214e-05,0.004939070349105796
393.0,45.651454,0.6946969520811824,0.0242814422770612,362.921,0.207465354,0.0025116631,5.2847600000000005e-05,0.004347514193215091
394.0,45.568086,0.6901080803382028,0.024411794648593707,362.94,0.2074819436,0.0025192662999999997,5.55705e-05,-0.0026621647725714767
395.0,45.470808,0.68652658054707,0.023984970367430403,362.975,0.20746224959999998,0.0025176246,5.61448e-05,0.0011991316048689884
396.0,45.452741,0.7271491053627162,0.02441716165747995,363.082,0.20739839150000003,0.002515088,5.4660699999999997e-05,0.0011815495726586178
397.0,45.370036,0.743831002784581,0.024077602927274528,363.198,0.2073359692,0.0025180344,5.2855699999999996e-05,0.008468349014848952
398.0,45.274479,0.7378154495417459,0.023938040761525427,363.289,0.20733659329999998,0.0025346602000000003,5.26053e-05,0.0059444821880286665
399.0,45.249699,0.7299640439852989,0.02426229132647379,363.395,0.2073695124,0.0025716481,5.45065e-05,0.0003527013644870743
400.0,45.091594,0.7271522831655437,0.024418979874586567,363.448,0.2073832102,0.0025856391000000003,5.6484500000000004e-05,-0.001798570861900135
401.0,44.971927,0.7215664510156575,0.023922116673672042,363.466,0.20736331889999998,0.002579385,5.53114e-05,0.002354668611597566
402.0,44.979611,0.7520457671428713,0.024116473648822436,363.53,0.20730582479999998,0.0025835297,5.3470499999999996e-05,-0.0002557153009226918
403.0,44.875042,0.7862631042597577,0.024556533378458967,363.564,0.2072545937,0.0026062022000000002,5.25646e-05,-0.00833758295514996
404.0,44.848722,0.7649534854693926,0.024175545134190027,363.719,0.2072676721,0.0026446029999999997,5.2820999999999995e-05,0.008019270307930681
405.0,44.685021,0.7476528835606316,0.024040814003652353,363.833,0.2072899584,0.0026812940000000003,5.43142e-05,0.012937522401232832
406.0,44.487059,0.7513849969232035,0.02409766667722858,363.946,0.2072843763,0.0026828056,5.63342e-05,-0.0006790091665305439
407.0,44.451511,0.7827675616148424,0.024564656571739805,364.093,0.2072462472,0.0026827136,5.55426e-05,-0.006233122837593475
408.0,44.374321,0.8041590789320552,0.02451846598643267,364.158,0.20719573579999997,0.002677042,5.36878e-05,0.010599251570470118
409.0,44.271902,0.8102000904880082,0.024229422949716146,364.305,0.2071577291,0.0026887864,5.25644e-05,0.021442391978108138
410.0,44.173141,0.7832193522225789,0.023916517723049646,364.478,0.2071894044,0.0027225333,5.2782200000000004e-05,0.004817540797277892
411.0,44.153894,0.7827248690344345,0.024223826688939798,364.663,0.2072047878,0.0027624673,5.5040799999999997e-05,0.015601075654352791
412.0,44.154538,0.7752494740866865,0.023871059258490684,364.789,0.2071932953,0.0027708495,5.65762e-05,0.016660957772076025
413.0,43.987235,0.806229439849449,0.024191564430060132,364.93,0.2071456981,0.0027720700999999998,5.54844e-05,0.0028938820261962535
414.0,43.948898,0.8450208669442751,0.024469658830400916,365.048,0.2070753684,0.0027859085,5.4708300000000006e-05,0.023771044985642916
415.0,43.871018,0.8404317697247355,0.02408292980176848,365.154,0.20704822509999998,0.0028182857,5.46677e-05,0.017211339374899933
416.0,43.689585,0.8503806647166947,0.02469934871825327,365.228,0.2070668669,0.0028538585,5.5393300000000004e-05,0.015772123303784354
417.0,43.568169,0.8286315117066824,0.0243274394623529,365.25,0.2070781767,0.0028937702999999996,5.84093e-05,0.015339660059701388
418.0,43.471844,0.8278647775706505,0.024300614517550567,365.415,0.20707651529999999,0.0028985347,5.93752e-05,0.018186524171437554
419.0,43.370038,0.8467759427261761,0.024332854796665304,365.514,0.2070367771,0.0028961461,5.68908e-05,0.010612588055457492
420.0,43.27269,0.8610467237373356,0.023948944135086074,365.622,0.20696959459999997,0.002911635,5.4553400000000005e-05,0.012759404089974889
421.0,43.170179,0.8830300506948499,0.024284712273780495,365.799,0.20694193959999999,0.0029362485,5.34776e-05,0.013033719192731167
422.0,43.071611,0.8765085601092826,0.024393762263224383,365.958,0.20695546780000001,0.0029863577,5.4079e-05,0.01644596005210685
423.0,42.885286,0.8723696368965458,0.024408743887748025,366.226,0.2069602777,0.0030123514,5.56819e-05,0.027769195648013462
424.0,42.739487,0.860878777761786,0.023846357548132455,366.338,0.20694125719999998,0.0030065934,5.5531599999999995e-05,0.037457763135872534
425.0,42.581013,0.8934839837284356,0.024184129969916646,366.433,0.2068947867,0.0030052561,5.36695e-05,0.039936430442994116
426.0,42.550665,0.9086675345447093,0.02401019402298559,366.559,0.2068422715,0.0030175606999999997,5.1978500000000004e-05,0.022480736055426283
427.0,42.394353,0.9051886951519567,0.0239344437758197,366.714,0.2068376192,0.0030473627,5.1702299999999995e-05,0.020958031053411826
428.0,42.269136,0.904230358415203,0.024168254147339637,366.973,0.2068490007,0.0030982852999999998,5.41024e-05,0.03287575248129239
429.0,42.247643,0.891884169520719,0.02389774716142374,367.283,0.20684672769999998,0.0031305813,5.6428700000000004e-05,0.015043000438049355
430.0,42.086514,0.8981169879797185,0.023773767810014362,367.48,0.20681506219999998,0.0031582785,5.7207300000000004e-05,0.05006962692839458
431.0,42.048261,0.9300432931081564,0.023746336567738533,367.709,0.206733689,0.0031779598999999996,5.52615e-05,0.04292037277158308
432.0,41.97088,0.9638443596321846,0.023799822475778772,367.89,0.2066542842,0.0032006149,5.48745e-05,0.03945243370984937
433.0,41.783722,0.9742393481323698,0.02400652035152006,368.041,0.20664130109999998,0.0032392214,5.55765e-05,0.06185793817217725
434.0,41.745058,0.9806996733050034,0.02432140743991684,368.27,0.2066451936,0.0032853748,5.88724e-05,0.05799100259489057
435.0,41.666604,0.9718150367538096,0.024043936054189512,368.486,0.2066350344,0.0033025589,6.24018e-05,0.043533853870247746
436.0,41.489246,0.977218148674227,0.02386029278060097,368.663,0.2066030052,0.0033100044,6.32354e-05,0.05083474027824755
437.0,40.885957,1.0042891918483026,0.023999691624345516,368.94,0.20654942680000002,0.0033285905,6.240070000000001e-05,0.07390683430889361
438.0,41.229621,1.0250356527527607,0.024150018628985533,368.987,0.2065102376,0.0033563041999999997,6.18405e-05,0.07891171193865983
439.0,41.186243,1.0059780354349719,0.02381951440520525,369.083,0.20651082120000003,0.0034097432,6.24455e-05,0.06047322561972223
440.0,41.070836,1.0054209092121675,0.023917395262937416,369.22,0.2065116981,0.0034561504,6.397629999999999e-05,0.05852176923002103
441.0,41.052003,1.0075274471685818,0.023718565025671535,369.439,0.2064811706,0.0034821212,6.50054e-05,0.07772075694946831
442.0,40.968884,1.048219490110609,0.024295475979462782,369.691,0.20644093300000002,0.0034971418,6.40959e-05,0.08041496348668412
443.0,40.785567,1.0695408165166327,0.024045334611024316,369.923,0.2063619401,0.0035183315999999997,6.27485e-05,0.0785873263466913
444.0,40.428213,1.0583598606106057,0.023257410048306525,370.194,0.20629841129999998,0.0035479036000000005,6.19166e-05,0.0645878747105946
445.0,40.349297,1.0629372856350392,0.023405284831700915,370.376,0.2062936053,0.0035958513,6.20536e-05,0.05729539954620417
446.0,40.343167,1.085900964403253,0.023990536367563858,370.51,0.20629575630000002,0.0036233981,6.38485e-05,0.08004245632354945
447.0,40.264203,1.082922586101601,0.023784447642064898,370.73,0.2062809977,0.0036202421,6.50202e-05,0.08084247140789076
448.0,40.245481,1.0906657269637707,0.023560175718375317,370.911,0.2062378558,0.0036234202999999997,6.39622e-05,0.09055905138649792
449.0,40.147107,1.1425613569479707,0.024105604709413465,371.079,0.20617021130000002,0.0036520091,6.269460000000001e-05,0.12528685601493697
450.0,40.144858,1.1363282161326964,0.023894997220870018,371.282,0.2061504106,0.0037053671,6.25027e-05,0.07305108392616594
451.0,40.066838,1.1199159437371762,0.02375684466623416,371.59,0.206159619,0.0037718033,6.34956e-05,0.06895175390274953
452.0,39.883689,1.1383757563718417,0.02397838486347194,371.828,0.20612935449999997,0.0038232602,6.58714e-05,0.08500182690496492
453.0,39.762327,1.1491928728580745,0.023690190176433683,372.029,0.2060694491,0.0038299201999999997,6.69428e-05,0.11698565134764657
454.0,39.581984,1.1825769839217584,0.02378182062539962,372.227,0.20599965099999998,0.0038383460000000003,6.57914e-05,0.14224990906023252
455.0,39.466049,1.21217107124169,0.02382350127182657,372.529,0.205929505,0.0038642125,6.52044e-05,0.128297457340988
456.0,39.36475,1.205817783736438,0.023739709277766436,372.727,0.20592285600000002,0.0039204178,6.51515e-05,0.16018783410987508
457.0,39.344405,1.1960805853268444,0.023702379019397223,372.972,0.2059281392,0.0039823592000000005,6.66719e-05,0.11848339991571268
458.0,39.185525,1.204682883738003,0.02387145195729801,373.262,0.2059176431,0.0040294839,6.83777e-05,0.15067404661321251
459.0,39.068675,1.2211170041337798,0.023777313800241874,373.569,0.2058629699,0.0040511558,6.85675e-05,0.13256404100195202
460.0,38.560135,1.2491895856794768,0.02370315666420474,373.835,0.2057838046,0.0040712907,6.657149999999999e-05,0.09867560002513731
461.0,38.443798,1.2801676572703309,0.023685288731414622,374.183,0.205701405,0.0041042774,6.5774e-05,0.1537378103988434
462.0,38.526976,1.2701932599326575,0.023521175712487866,374.493,0.2056938148,0.0041535007,6.59628e-05,0.19102383922217187
463.0,38.38459,1.2605017746385394,0.02352257275772318,374.821,0.2057021685,0.004222432,6.8228e-05,0.1654462962179608
464.0,38.347873,1.2592751951153436,0.02338684397387585,375.039,0.20567788709999998,0.0042645530999999995,7.122029999999999e-05,0.11355836406947169
465.0,38.267426,1.293668349452842,0.02364124928779025,375.205,0.2056250933,0.0042806586,7.178559999999999e-05,0.17529587306039363
466.0,38.168565,1.2916177208746529,0.023003290914104184,375.596,0.2055392218,0.0043084809,7.091939999999999e-05,0.12002576005132372
467.0,38.064962,1.3440462480939814,0.023351965002480105,375.821,0.205452047,0.0043468757,7.099290000000001e-05,0.14366026121259987
468.0,37.884184,1.353117580471116,0.023467251563637253,376.051,0.2054338885,0.0044043297,7.231989999999999e-05,0.18683618034200203
469.0,37.600181,1.3335720644368998,0.023204620917540424,376.284,0.2054303052,0.0044687305,7.51679e-05,0.1386523465321268
470.0,37.218672,1.3307509883511255,0.023062278528207743,376.642,0.2054095395,0.0045020380999999995,7.75132e-05,0.16971529254741166
471.0,37.356315,1.3647341354308828,0.023285190968283808,377.001,0.2053555965,0.004517855800000001,7.632759999999999e-05,0.20718721654356867
472.0,37.191666,1.4360440115191746,0.023867455201169244,377.25,0.2052655133,0.0045307926999999994,7.5301e-05,0.1891337033218027
473.0,37.065296,1.421925508561992,0.023238024696321576,377.461,0.205198714,0.0045768281,7.44529e-05,0.13034759701431758
474.0,36.963015,1.4351175835874015,0.023570247226899863,377.694,0.20520352320000002,0.0046361206,7.4534e-05,0.18446362781548295
475.0,36.783175,1.4039226670960985,0.023088978238173137,377.948,0.2051939441,0.0047011169,7.6851e-05,0.18481495372105972
476.0,36.665947,1.4220674724406634,0.0231963965717798,378.262,0.205157405,0.0047387889,7.84927e-05,0.1809538128853006
477.0,35.838668,1.4779057677958922,0.02363064652081951,378.563,0.2050845839,0.0047572339,7.65823e-05,0.19228875633787837
478.0,35.964308,1.4728376810035928,0.0230825644298235,379.051,0.205004663,0.0048028249,7.42394e-05,0.2141680465787186
479.0,36.041584,1.4814609106834904,0.0230108860103857,379.425,0.2049593108,0.004867727,7.32211e-05,0.20032523753178305
480.0,35.881671,1.4853684605729973,0.023177435228178986,379.814,0.20495895390000002,0.0049485641,7.40391e-05,0.20696777495166288
481.0,35.765147,1.502199567834185,0.023270335960195676,380.194,0.20492369740000002,0.0049881735,7.62204e-05,0.25219589625910915
482.0,35.583423,1.5250209920495634,0.02322829951412923,380.653,0.2048595581,0.0049980911,7.65701e-05,0.24099002806950404
483.0,35.462201,1.5741461841244349,0.023534273128032555,381.075,0.2047866287,0.0050176679999999994,7.45934e-05,0.3151496326513874
484.0,35.360568,1.5754928167166713,0.02311734023579056,381.405,0.2047032467,0.0050764598000000005,7.44571e-05,0.20849401065796105
485.0,35.180512,1.5696764358326394,0.022997804444108882,381.733,0.2046822448,0.0051499944,7.490969999999999e-05,0.24234459684191367
486.0,35.064295,1.6141842349958495,0.02371701775268805,381.912,0.20467190970000002,0.0052479773,7.80232e-05,0.3014915323145725
487.0,34.886055,1.6084844405448084,0.023395644622785965,382.149,0.20461731570000002,0.0053179025,8.1575e-05,0.2821352963626174
488.0,34.685505,1.5976959387211664,0.022757278002649678,382.467,0.20452602039999998,0.0053592907,8.37137e-05,0.2788821895577038
489.0,33.996261,1.6506960502376204,0.022974504315960508,382.629,0.2044254508,0.0054000009,8.22048e-05,0.31259763735177953
490.0,33.927197,1.6677850198227713,0.0227407541342845,382.887,0.2043292674,0.0054600118,8.14726e-05,0.2850976468975297
491.0,33.947559,1.691589542329685,0.022951811389172794,383.164,0.20429351610000002,0.0055333076000000005,8.209660000000001e-05,0.32849752578982255
492.0,33.861715,1.7440064286096748,0.02365121403538063,383.64,0.20427669999999998,0.0056021154,8.38584e-05,0.35545911052526363
493.0,33.836145,1.743836093561836,0.02346786511184952,384.052,0.2042373448,0.0056316577,8.728889999999999e-05,0.41967927165283897
494.0,33.677261,1.7272837900391875,0.022901513386391983,384.465,0.20417383220000002,0.0056319029,8.88033e-05,0.3048053206228961
495.0,33.565259,1.7586244371858701,0.022877914752418623,384.834,0.20408849490000003,0.005650904500000001,8.786280000000001e-05,0.34784650502973086
496.0,33.358011,1.7741203364213507,0.02278024088942606,385.144,0.20402239689999999,0.0056956094,8.75126e-05,0.48101365894786796
497.0,33.256487,1.76295058847976,0.02268691876253734,385.453,0.204019344,0.0057563354,8.840570000000001e-05,0.38446438622932466
498.0,33.083726,1.7556367997594797,0.02265997001793631,385.73,0.2040158905,0.0058325218000000005,9.08241e-05,0.41103877288661467
499.0,32.798942,1.8258133414925732,0.023416902292332634,385.873,0.2039769252,0.005881887999999999,9.380579999999999e-05,0.37991622148270066
500.0,32.663455,1.871730388043166,0.02365749829318253,385.872,0.2039050152,0.0059184948,9.24995e-05,0.43162974488139566
501.0,32.562832,1.8918175779711324,0.023328396721547972,385.871,0.2037857626,0.0059572644,9.12702e-05,0.4231088652285653
502.0,32.464275,1.863380245061583,0.022563449069754743,385.984,0.20369348420000002,0.0059977872,9.07139e-05,0.3699915138486144
503.0,32.361751,1.9186491540847106,0.02318893991162521,386.099,0.2036773067,0.0060339505,9.05881e-05,0.41455262132787385
504.0,32.016183,1.8982115614347872,0.022977982270400356,386.26,0.20367598520000002,0.006074184900000001,9.17987e-05,0.4213951325422477
505.0,31.700226,1.9227341406904053,0.023215182271849086,386.437,0.20366488019999998,0.0060682868,9.272060000000001e-05,0.4572580728394761
506.0,31.724063,1.964109956239785,0.02350508703310136,386.495,0.2036301219,0.0060373652,9.07528e-05,0.45837747508008403
507.0,31.584701,1.9597386871414355,0.023088048337679773,386.594,0.203564576,0.0059964043,8.8674e-05,0.5486221938794733
508.0,31.216742,1.951345725131017,0.02285657269477351,386.689,0.2035424337,0.005969085,8.83373e-05,0.5001825285275472
509.0,31.061129,1.9569012751653645,0.023071672152710748,386.628,0.20357487800000001,0.0059610958999999995,9.00725e-05,0.4615053200988284
510.0,31.121261,1.947836771240994,0.02323688017726966,386.659,0.2036301645,0.0059580217,9.44853e-05,0.5009235668558667
511.0,30.897946,1.9094878748111026,0.02295832163304843,386.723,0.2036698101,0.0059409912,9.678e-05,0.6156294578163363
512.0,30.841507,1.9277022412969134,0.023105585873844158,386.74,0.2036560364,0.0059363654,9.71351e-05,0.5510293260326259
513.0,30.75906,1.9192007878596538,0.022834468142029572,386.679,0.2036227577,0.0059286805,9.681499999999999e-05,0.4944382278762257
514.0,30.501717,1.8833479264857824,0.02241342799452466,386.679,0.2036241833,0.0059264431,9.74182e-05,0.4663872031569253
515.0,29.956501,1.9018370943111664,0.022848073917573538,386.64,0.20366509319999998,0.0059406912,9.976169999999999e-05,0.507611348810102
516.0,30.159222,1.8869576609825576,0.022812418563015666,386.593,0.20369481230000003,0.0059352450000000005,0.00010244839999999999,0.5364465281642136
517.0,29.998272,1.8863670118602804,0.022860688755477164,386.578,0.20371377429999998,0.005896474499999999,0.00010338119999999999,0.5943003011610171
518.0,29.930018,1.8872004931420723,0.02269969740194898,386.593,0.2036875078,0.0058570719,0.00010097460000000001,0.6001686400823649
519.0,29.854328,1.9357937535680063,0.023103912868803495,386.493,0.2036539533,0.0058439456999999995,9.968680000000001e-05,0.5725281162300225
520.0,29.760019,1.8998514054414903,0.022762376796354906,386.39,0.2036707165,0.0058500165,0.0001002563,0.6112079819914755
521.0,29.644258,1.9075587448324194,0.023053709224977834,386.354,0.2037115345,0.0058473566,0.00010161409999999999,0.5099732633436949
522.0,29.557258,1.8928274472288642,0.023052980940339172,386.243,0.20375166190000002,0.0058241965,0.0001033705,0.48113818110447837
523.0,29.457234,1.8977207053625647,0.023067638910323582,386.009,0.2037527457,0.0057742017,0.00010372309999999999,0.459446263602312
524.0,29.279088,1.900170110786936,0.022952170072781875,385.874,0.203731151,0.005739639800000001,0.00010150710000000001,0.48536827705736857
525.0,29.157534,1.9367144861875083,0.023191923488913184,385.706,0.20369404700000002,0.0057234737,0.0001006442,0.427576421340433
526.0,28.975127,1.9417521034288443,0.023434929594981342,385.423,0.2037324555,0.0057147206,0.00010122930000000001,0.34400670547006634
527.0,28.857971,1.8790141226384551,0.02295354108756104,385.184,0.2037901083,0.0057050266,0.00010306350000000001,0.32906396163532875
528.0,28.756536,1.9102676234894518,0.023419242186424032,384.994,0.2038152422,0.0056597557,0.00010520049999999999,0.30573166128869733
529.0,28.49585,1.9123740474395396,0.023396584147779807,384.795,0.2038224233,0.005579505,0.0001043645,0.27585943484151576
530.0,28.355289,1.905728671176959,0.023211939274599226,384.611,0.2038209623,0.0054921369,0.0001008337,0.25837996077720565
531.0,28.335922,1.8927100045309058,0.02308181892055959,384.455,0.2038452363,0.0054059856,9.82279e-05,0.26713169123211217
532.0,28.25912,1.8376372354351573,0.022795596185064892,384.275,0.2039377295,0.005340256,9.642360000000001e-05,0.18745498830842688
533.0,28.241638,1.8100775895023522,0.02297609990365255,384.025,0.2040520906,0.005288292599999999,9.61772e-05,0.1545878735254805
534.0,28.158519,1.8113550677768926,0.023385119896257033,383.656,0.2041452399,0.0051979905,9.668690000000001e-05,0.1738580042973206
535.0,28.053117,1.8031775312841323,0.023506589950870755,383.34,0.2042105485,0.0050900578,9.41353e-05,0.18112457743474442
536.0,27.954919,1.8335019845825657,0.023889247624711365,382.985,0.20422829879999999,0.0049969996,9.13785e-05,0.1733525064341432
537.0,27.936361,1.7505903539073935,0.023003901677142762,382.659,0.20428345979999998,0.0049111126,8.91265e-05,0.1523354123128765
538.0,27.852268,1.7349991230993265,0.02337463623890918,382.343,0.2044050863,0.0048366122,8.78584e-05,0.11348247047612728
539.0,27.754711,1.693252005646453,0.023469172764491567,382.015,0.2045362298,0.0047680399,8.8774e-05,0.10877851326615845
540.0,27.652364,1.6627395397104863,0.023641567944993006,381.683,0.2046610204,0.0046616241,8.78239e-05,0.09272466421875553
541.0,27.554187,1.5884750218165562,0.022936440934700326,381.313,0.2047448798,0.0045536135,8.515210000000001e-05,0.07560104496350191
542.0,27.535741,1.6002955125463405,0.02319854760605021,380.866,0.20478394900000002,0.0044442122,8.17826e-05,0.06644351190899654
543.0,27.435139,1.6008324735703972,0.023632730537309864,380.422,0.20487339550000003,0.0043546269,7.95864e-05,0.029135929972256475
544.0,27.351931,1.5296273709349049,0.02347336821081756,380.011,0.2050357305,0.0042723801,7.90918e-05,0.05077225389068728
545.0,27.175773,1.522822865357593,0.024169202773981973,379.593,0.2051790496,0.004167479700000001,7.909630000000001e-05,0.061104544430737505
546.0,27.129149,1.4427023928173281,0.023535035378008443,379.19,0.2053001857,0.0040463512,7.929109999999999e-05,0.055285072228716835
547.0,27.134944,1.4110394412908005,0.023469933858358206,378.822,0.2053928937,0.0039250404,7.574349999999999e-05,0.056134184635275586
548.0,27.0526,1.4020110511665769,0.023572445346963598,378.432,0.20544747300000002,0.0038407326,7.32417e-05,0.04547475127955209
549.0,26.949981,1.387498154096881,0.023990437496703428,377.986,0.2055560502,0.0037646203,7.218719999999999e-05,0.051625318986860146
550.0,26.852921,1.3351492773220277,0.023922205579533454,377.583,0.2056849832,0.0036916558999999997,7.26048e-05,0.04686733415191729
551.0,26.834794,1.2799963995858215,0.023622591762979813,377.172,0.20579437250000002,0.0036043194,7.34587e-05,0.061704632785660254
552.0,26.748851,1.2634298783978195,0.02368649860498417,376.656,0.20586541419999999,0.0034920851000000003,7.2794e-05,0.04831054084908787
553.0,26.651634,1.2449786864783763,0.023722803416633343,376.201,0.2059352977,0.0033915093,7.07572e-05,0.06283670945208587
554.0,26.55072,1.229710152268326,0.023850513893180606,375.752,0.2060034215,0.0033165314000000003,6.85691e-05,0.0551226780689156
555.0,26.530252,1.182227823304627,0.023866400527922636,375.371,0.2061278435,0.0032665495,6.81419e-05,0.07462215110623481
556.0,26.530387,1.132042990907776,0.023888156357596273,374.99,0.2062556134,0.0032297354,6.99274e-05,0.09919747573845891
557.0,26.45353,1.0997779789470012,0.02402409591988984,374.589,0.2063597643,0.003161155,7.19219e-05,0.06586456677441
558.0,26.351839,1.0800931084082104,0.023966751526613903,374.106,0.20641852579999997,0.0030706386000000003,7.19756e-05,0.040579360281386825
559.0,26.253212,1.0626479825870092,0.023873276087974772,373.688,0.20646736870000001,0.0029875515000000004,7.06363e-05,0.041063030247534105
560.0,26.234668,1.0613916939183587,0.0240798602429821,373.305,0.2065058347,0.0029201004000000003,7.03946e-05,0.031109144100804217
561.0,26.234215,1.016374864508998,0.023918947745078432,372.931,0.2066034115,0.0028785739,7.09412e-05,0.015687251322400682
562.0,26.150017,0.9768146681289975,0.023917293226770046,372.584,0.2067033641,0.0028412074,7.272350000000001e-05,0.000993688240259386
563.0,26.130902,0.9597776065279137,0.024254840095344395,372.173,0.20678621239999997,0.0027811191000000003,7.57272e-05,0.0013738427573809502
564.0,26.047701,0.9522320846736538,0.02439814474959104,371.743,0.2068303106,0.0027155214,7.55736e-05,0.00836659984263826
565.0,26.027269,0.9481087688598935,0.024191394215815322,371.345,0.2068337253,0.002654485,7.58028e-05,0.0033784235782689893
566.0,25.950431,0.9258159727045708,0.023698095925190895,370.896,0.2068507617,0.0026043244999999996,7.69248e-05,0.016151036563576183
567.0,25.931909,0.9088726531115852,0.02415871428471038,370.549,0.2069384577,0.0025692745,7.93702e-05,0.01846170241511594
568.0,25.832136,0.8783157591351767,0.024376878150598684,370.203,0.20703394979999998,0.0025326029,8.35881e-05,0.012723052998186242
569.0,25.746209,0.8402492116824276,0.023978357763219185,370.013,0.2071016039,0.002470202,8.60021e-05,0.004466458449966748
570.0,25.73171,0.8265422830380558,0.023867853986325925,369.791,0.20714006950000002,0.0023967556,8.57871e-05,-0.011729448009840701
571.0,25.643435,0.8380700332196969,0.023986180053922713,369.478,0.2071364879,0.0023312419000000003,8.51736e-05,-0.008942713978175131
572.0,25.627527,0.8291714042808426,0.02399259671788161,369.162,0.2071692621,0.0022748409,8.60281e-05,-0.003436457849619749
573.0,25.627638,0.7921146824667128,0.02411816377433465,368.893,0.2072720167,0.0022410953,8.78858e-05,-0.0029355692560284934
574.0,25.550865,0.7578132124658388,0.02420436190274373,368.555,0.20736488560000002,0.0022025,9.1586e-05,0.00038859490539072797
575.0,25.532434,0.7415363719990659,0.024549888302909828,368.252,0.2074369123,0.0021516347,9.30092e-05,-0.0011915942679216248
576.0,25.531951,0.7175228316225407,0.024213188907537233,367.907,0.2074786495,0.0021063915999999998,9.22951e-05,-0.0031860422895613446
577.0,25.532542,0.7186908789379965,0.024224394785012985,367.561,0.2074828166,0.0020789413,9.11467e-05,-0.0039027916120195484
578.0,25.449646,0.6981156691904656,0.02413430156103728,367.189,0.2075269484,0.0020663241,9.148190000000001e-05,-0.012566062211505951
579.0,25.430669,0.6759174934329829,0.024302899550453696,366.893,0.2075905743,0.0020577695,9.33848e-05,-0.00486104592150418
580.0,25.430579,0.6563459035311215,0.0244764162725575,366.597,0.2076490465,0.0020400859,9.66271e-05,-0.0013730853486332306
581.0,25.351975,0.6397420648839195,0.024124910704579852,366.306,0.20767531600000003,0.0019919066,9.79176e-05,-0.0034453278598504575
582.0,25.333799,0.6477916950689196,0.0241537930176357,366.036,0.20766760250000002,0.0019477922000000001,9.78625e-05,-0.006665036298206409
583.0,25.249487,0.6598447701855179,0.024212618035314767,365.74,0.20765100820000001,0.0019112293999999999,9.76719e-05,-0.00865878362989412
584.0,25.229174,0.6494153195699363,0.024159158748638842,365.329,0.20767625599999998,0.0018877819000000001,9.9022e-05,-6.0463155544323705e-05
585.0,25.22928,0.6243727377751044,0.024359516484912754,364.952,0.20774739050000002,0.0018770263,0.0001024014,-0.0071147468833305805
586.0,25.152078,0.595197382932976,0.024178021964789215,364.688,0.2078092595,0.001846935,0.00010609129999999999,-0.008555559471252088
587.0,25.211235,0.59380505328896,0.024480634836199135,364.33,0.2078408933,0.0017896346,0.0001076849,-0.002720558058526928
588.0,25.151414,0.6029248422191653,0.024551218648039635,364.061,0.20783338010000002,0.0017456652,0.0001069638,-0.0033250708744027406
589.0,25.132942,0.5958139232287926,0.02417652107221826,363.913,0.2078346205,0.0017168895,0.0001066796,-0.009989467243632227
590.0,25.133748,0.5681090701782268,0.024125459844107116,363.721,0.2078988813,0.0017008823,0.0001082399,0.0011835985774107584
591.0,25.133087,0.5384500917838282,0.024166064462934626,363.53,0.20796972230000002,0.0016968752,0.00011117129999999999,-0.0009761172875272431
592.0,25.132893,0.5257684869940803,0.024317117544351546,363.292,0.2080108353,0.0016713449999999999,0.0001146318,-0.005682336624836197
593.0,25.031032,0.5269260483687447,0.024693728299971802,363.004,0.20803465110000002,0.0016325915999999998,0.00011496150000000001,-0.001019401175180142
594.0,25.026936,0.5336295300041147,0.02463026142891323,362.772,0.2080218416,0.0016082168999999999,0.000113669,-0.003170555741963048
595.0,25.031912,0.5465377628759231,0.02464811546107698,362.6,0.2079963359,0.0015956585000000002,0.00011264980000000001,-0.007169185479519972
596.0,24.94713,0.5300790836902627,0.024529738121343646,362.398,0.2080267096,0.0016011363,0.00011292520000000001,-0.008653774558219848
597.0,25.012119,0.5066939818258736,0.024507400269340594,362.219,0.20807667519999998,0.001610234,0.0001144013,-0.005873561009187915
598.0,24.948335,0.5011459017383891,0.024822395187898076,362.073,0.2081091329,0.0015828405,0.00011578780000000001,-0.007444649524141705
599.0,24.848833,0.4985204558163646,0.024594284951030682,361.882,0.20811117899999998,0.001554066,0.0001141689,0.0005357014518803734
600.0,24.830827,0.5109073260715505,0.024427505906092058,361.744,0.20807965949999999,0.0015337886000000001,0.0001129369,-0.0027384785455146555
601.0,24.745327,0.5127907357556174,0.024394307836439866,361.561,0.2080752883,0.0015262971,0.0001129677,-0.008902905179201602
602.0,24.726602,0.4883167551158055,0.02436327016815668,361.364,0.2081271599,0.0015378591,0.0001144465,-0.0008207128225126185
603.0,24.726027,0.47181037322562697,0.02439147131669814,361.174,0.2081633955,0.0015457404,0.0001183173,-0.004102707582760747
604.0,24.725953,0.4621417346580887,0.024344050342626964,361.036,0.2081851513,0.0015325317,0.0001216163,-0.00459467736835421
605.0,24.647702,0.4686361826812769,0.024253402995019768,360.911,0.2081700928,0.0015137419999999998,0.000121619,-0.006847649961953849
606.0,24.707889,0.49026308657197853,0.024439590259666,360.786,0.20813171560000002,0.0014984204,0.00012231229999999998,-0.005302033879936655
607.0,24.647626,0.49341329045670784,0.024744060366436532,360.61,0.2081386742,0.001493583,0.00012448,-0.003195193911056789
608.0,24.630236,0.4777515353777034,0.02497920271605798,360.402,0.2081782365,0.0015167616000000001,0.0001281051,-0.0014076754944064007
609.0,24.630252,0.45899452496381365,0.024661002056779083,360.308,0.208205424,0.0015183450000000002,0.000131774,-0.004221891833488805
610.0,24.549434,0.45334873023104527,0.024313108765322344,360.196,0.2082086916,0.0014912763,0.00013312990000000001,-0.004782502692255096
611.0,24.527748,0.4727933239462556,0.02469484717941315,359.995,0.2081857869,0.0014699170999999999,0.000131379,-0.004229790763600646
612.0,24.528304,0.49567044869160465,0.02470838348861526,359.891,0.2081377108,0.0014585709,0.00012892090000000001,-0.006981956103816651
613.0,24.528007,0.48680182942912636,0.024785777830875783,359.735,0.2081604088,0.0014651759,0.0001274239,-0.0012862124172477378
614.0,24.527693,0.46608093204024603,0.024775284474086667,359.602,0.2082047331,0.0014752885,0.0001273006,-0.0020799928939256654
615.0,24.447556,0.4426324020316133,0.02444841264659007,359.455,0.2082433842,0.0014769262,0.0001291653,-0.008488388987092711
616.0,24.431004,0.4446099790747974,0.02450523334277694,359.367,0.20824567219999998,0.0014567482000000002,0.00012844670000000002,-0.004563930251770659
617.0,24.346753,0.4540042514304017,0.024551724665206158,359.297,0.20822888620000002,0.0014459666,0.0001270725,-0.002476031962498125
618.0,24.394656,0.4751083907387714,0.02479158919935152,359.191,0.2081920955,0.0014425627,0.00012659230000000002,-0.004588470066207315
619.0,24.344516,0.46799531302016173,0.024960686845209353,359.052,0.2082122721,0.0014554995,0.00012764730000000001,-0.005268864120712487
620.0,24.327574,0.4450573674520215,0.02472275583647653,358.94,0.208249477,0.0014725137,0.0001308664,-0.0042765382153617
621.0,24.3276,0.43266874223451735,0.024509998342192762,358.946,0.2082689393,0.0014678325,0.000133974,-0.0013364070030421594
622.0,24.327287,0.44011227987085805,0.024655192825103395,358.896,0.2082626131,0.0014442754999999998,0.0001344203,-0.005352098559632976
623.0,24.327418,0.45344465765805275,0.024398591489625053,358.839,0.2082259537,0.0014251973000000001,0.0001330115,-0.0038780483707197885
624.0,24.327469,0.47447027316882456,0.024685454258066904,358.731,0.20819147770000002,0.0014211486,0.0001321478,-0.006969277887443056
625.0,24.249861,0.4605375549552969,0.02467321293823597,358.588,0.2082201423,0.0014322708,0.0001324892,-0.005667845706811948
626.0,24.232382,0.43648741528177515,0.024327577184124788,358.458,0.2082557049,0.0014535512,0.0001339982,-0.0033508150670639005
627.0,24.231863,0.4345171532946844,0.02452413706501876,358.29,0.208269734,0.0014439586,0.0001355242,-0.00022396797796727896
628.0,24.231824,0.44579356103707357,0.02475128520094892,358.213,0.2082581251,0.001423126,0.000134203,-0.005424418268405266
629.0,24.149958,0.46728151991787026,0.024858674111781876,358.141,0.2082173489,0.001411616,0.0001316316,-0.0034528190849085192
630.0,24.211158,0.4752471506060686,0.024741392811504084,358.067,0.2081941111,0.0014138496,0.0001308837,-0.00297883249676312
631.0,24.231823,0.45153102261266603,0.024665049316586862,358.004,0.2082411536,0.0014295548999999999,0.0001315156,0.00024107531023862043
632.0,24.148236,0.42926917700718253,0.024471765026350952,357.966,0.2082785352,0.0014505515,0.0001346843,-0.000594037920560856
633.0,24.127577,0.4288910653332065,0.02467673784104806,357.845,0.208289278,0.0014373669,0.0001376604,-0.003029864074443199
634.0,24.051191,0.44141233458819457,0.02482393938360367,357.736,0.20827064620000002,0.0014191701,0.0001375158,-0.005593596791607996
635.0,24.110155,0.459630165528933,0.024642696751140256,357.676,0.20822500940000002,0.0014049654000000001,0.0001371175,-0.005902926954063983
636.0,24.050685,0.46146648760557313,0.024475690647167272,357.618,0.20821461,0.0013991016,0.0001379566,-0.009187042136079224
637.0,24.032986,0.4413950178071819,0.024436813090070217,357.468,0.208253807,0.0014194435999999998,0.0001405421,-0.00554068622473015
638.0,23.949375,0.4249750082715707,0.02458074819408908,357.394,0.2082946128,0.0014291158000000002,0.00014203300000000001,0.0016008380586565905
639.0,23.928748,0.4233491645507826,0.02470576232881668,357.363,0.2083064731,0.0014112268,0.0001433583,-0.004490819624126486
640.0,23.925103,0.4374097108395542,0.02481726153369837,357.368,0.20828407729999998,0.0013897823,0.0001417651,-0.004473214189867304
641.0,23.928146,0.45442368469941885,0.024628273035286453,357.297,0.2082403085,0.0013800338000000002,0.0001404004,-0.0034237192189362437
642.0,23.92909,0.44795251348772147,0.024673490789629784,357.185,0.2082563812,0.0013831666000000001,0.0001399948,-0.00015486025024141094
643.0,23.913155,0.42523370922532966,0.024557385918243024,357.085,0.2083000358,0.0013978964999999998,0.00014081359999999998,-0.005521464565477367
644.0,23.924933,0.4117706452168919,0.024486523381133,356.988,0.2083254359,0.0014047127,0.0001441841,-0.007559180657414996
645.0,23.929099,0.4111046765870657,0.024401764094474306,356.926,0.2083257464,0.001393827,0.0001448172,-0.0036383434540290527
646.0,23.929115,0.4263678255868382,0.024533670128911007,356.888,0.208299189,0.0013791165,0.0001444053,-0.003930671519151438
647.0,23.843814,0.4497440340672318,0.024332102717384653,356.773,0.2082372552,0.0013793116,0.0001444505,-0.00462706702797202
648.0,23.824749,0.4510512318498235,0.024743468317354186,356.708,0.2082491619,0.0013888155,0.000145511,-0.0035433731887322528
649.0,23.825327,0.4323196837130342,0.024753290581680548,356.655,0.20828664759999999,0.0014100433,0.0001480538,-0.0038870393982739317
650.0,23.748308,0.4207775010205688,0.024654909912662507,356.54,0.2083081385,0.00141051,0.00015016200000000002,-0.003534438363522558
651.0,23.80702,0.4208104712288288,0.024413983581635303,356.457,0.2083038525,0.0013874017,0.00014900149999999999,0.003458220024642016
652.0,23.747708,0.44557040025071604,0.024837526569776086,356.455,0.2082697197,0.0013679372000000001,0.0001455838,0.0023568640891976885
653.0,23.729179,0.4633276486574675,0.024803400096468673,356.46,0.2082314223,0.0013573984,0.0001427055,0.002305235842074081
654.0,23.645578,0.4462267928526349,0.024787462693544107,356.48,0.2082690306,0.0013607648,0.0001417335,-0.0011094058096620197
655.0,23.625861,0.425560394551466,0.024796789925975882,356.403,0.20831118020000003,0.0013823979,0.00014288510000000002,0.0017632253203882075
656.0,23.625915,0.40880924463097784,0.024668362375544085,356.339,0.2083430138,0.0013843239,0.000145172,0.0010320322171073683
657.0,23.626368,0.41447446302422397,0.02469444572926728,356.331,0.20833729129999998,0.0013553628,0.0001448798,0.0012297437468947081
658.0,23.625725,0.4359821617529211,0.024891450828718225,356.231,0.208299344,0.0013422632,0.0001440898,-0.0017883193302807058
659.0,23.625863,0.44329349477332397,0.02460821990994388,356.186,0.2082717646,0.0013414209,0.0001435698,-0.0036621956260937155
660.0,23.626574,0.42568614669888005,0.024422515384314114,356.166,0.20830281949999999,0.0013488716,0.0001438626,-0.0024329588254412443
661.0,23.551129,0.4132097485799315,0.024734555111384903,356.137,0.20833629890000002,0.0013770515,0.0001473565,0.0014101951637294399
662.0,23.606352,0.413173005890233,0.025055488858742543,356.138,0.2083493708,0.0013679284,0.0001499566,0.002726029884417395
663.0,23.549967,0.4129667375452052,0.024544367977128733,356.043,0.20833321510000002,0.0013544886,0.0001505384,-0.0037480745052656536
664.0,23.531231,0.4415511575441594,0.024880449424320942,356.005,0.20828437149999998,0.0013421586999999998,0.0001499573,0.003551891771870391
665.0,23.527477,0.4507206458879558,0.024740699181432246,355.997,0.20825748260000002,0.0013446083,0.0001499619,-0.004495862190331637
666.0,23.530493,0.4437831431565449,0.02522760567363773,355.947,0.2082889148,0.0013610711,0.0001506375,0.002898141324511099
667.0,23.446525,0.4280106881034417,0.02522151089034037,355.876,0.2083203902,0.0013725988,0.00015326319999999999,-0.0017453950367598134
668.0,23.411846,0.415626123730655,0.02463448273042153,355.815,0.20832882949999998,0.0013577571999999999,0.0001537419,-0.0036711107329859835
669.0,23.42344,0.42397758113677264,0.024709372410517648,355.791,0.2083188868,0.0013332055,0.0001508437,0.0027867137773090927
670.0,23.427131,0.44502716753764965,0.024924523871037628,355.8,0.20828252249999998,0.0013246061000000001,0.0001483816,-0.0009201669287551337
671.0,23.426443,0.43941546217688515,0.024939638191897876,355.746,0.208294927,0.0013285069,0.0001483576,0.0016946391862663075
672.0,23.426605,0.42278270482252095,0.0251355100974504,355.684,0.208335433,0.0013458254,0.0001501901,0.0030628937839625985
673.0,23.426897,0.4095268301296062,0.025149099593095962,355.601,0.2083633509,0.0013499753,0.0001537903,-0.0030018042168254463
674.0,23.427695,0.40462219655816706,0.024790011715518954,355.597,0.2083657639,0.0013260200999999998,0.0001551151,-0.003587157829007377
675.0,23.426799,0.42281159536753127,0.025051454381102217,355.493,0.2083392538,0.0013060609,0.000153819,-0.0029423967273972443
676.0,23.426447,0.4474810161348914,0.025292436523458275,355.44,0.20829596509999998,0.0012948803,0.0001538126,0.0036322548740954576
677.0,23.34904,0.43593081456139926,0.024894734081666762,355.452,0.20830384689999998,0.0013044201,0.0001546376,0.0029093466953467825
678.0,23.329407,0.41268446003196174,0.024664850462955152,355.441,0.20834256539999998,0.0013240294,0.0001570606,0.0006799495239855698
679.0,23.32933,0.402111204238136,0.024721028592857467,355.385,0.20836751629999997,0.0013244068,0.0001601071,-0.005782181117903998
680.0,23.329252,0.40131114653330013,0.024490277564878805,355.361,0.20836570129999998,0.0012990747,0.0001611185,-0.0019968245755690346
681.0,23.330499,0.42139461164775555,0.024687564468496626,355.292,0.2083316024,0.0012806433,0.0001603046,-0.0021690987107771645
682.0,23.329846,0.4321086034320486,0.024251597547343025,355.27,0.208290316,0.0012776785,0.0001602226,-4.3047747089191844e-05
683.0,23.330365,0.4298043610146653,0.02475759912157989,355.292,0.2083118631,0.0012949544,0.0001615579,-0.002677496307612316
684.0,23.246644,0.4085165656642937,0.02468447363278756,355.266,0.20835006499999997,0.0013236359,0.0001651303,-0.003073832426531211
685.0,23.226017,0.38946514692898937,0.024452701269692245,355.213,0.2083839136,0.0013235818,0.0001680477,-0.007678863153698454
686.0,23.226367,0.3910554615560163,0.024374089653900265,355.131,0.2083811105,0.0013048867,0.0001685562,-0.005131817947132303
687.0,23.225772,0.413267421363875,0.02458082069435495,355.12,0.20834194409999998,0.0012888201,0.000167027,0.0033855865870135973
688.0,23.148616,0.435138903993733,0.024998185236763684,355.154,0.20830957860000002,0.0012854802000000002,0.0001663917,-0.0025147918592049305
689.0,23.206963,0.4158837146510081,0.024692555566487993,355.134,0.2083383607,0.001297123,0.00016754200000000002,-0.0021361589170749537
690.0,23.145628,0.4010611448020459,0.024850428225078984,355.107,0.2083740146,0.0013108177,0.0001701009,0.0008099292227572939
691.0,23.129289,0.3949631970540927,0.024805413082679927,355.1,0.2083881888,0.0012965979,0.0001727651,0.004257678725139261
692.0,23.130184,0.39784281153893847,0.024905606498269832,355.033,0.2083905948,0.0012724223000000002,0.0001720473,0.004138011873792802
693.0,23.115643,0.4119623579119153,0.024679578755253045,354.982,0.208353003,0.001262494,0.0001704023,0.0036729583945036464
694.0,23.126542,0.4127734108996065,0.024618868529942713,354.881,0.2083477441,0.0012691449,0.0001695922,-0.002387727742441942
695.0,23.129626,0.40016731445746195,0.024525249473536372,354.87,0.20837047609999998,0.0012800380999999999,0.0001701602,0.007469891958222258
696.0,23.129792,0.39474440088949214,0.025116916863483454,354.884,0.2083988952,0.0013014978999999999,0.00017223019999999998,0.0031050774031884014
697.0,23.129631,0.38875838610906943,0.024982663330051433,354.884,0.2084087993,0.0012915751000000001,0.0001747061,-0.0004830153601313097
698.0,23.047763,0.40144198838943224,0.02507366680867784,354.817,0.2083896273,0.00126343,0.0001743722,0.0009749306431014042
699.0,23.027493,0.4182321469933116,0.024794633478925757,354.791,0.208343591,0.0012543156,0.0001741562,-0.0013028795361430575
700.0,23.026671,0.41361149648398654,0.02463335874605036,354.804,0.208348318,0.0012523896,0.0001741429,-0.0009580031371431224
701.0,23.026255,0.39902356342377276,0.025050908109507622,354.807,0.2083915206,0.0012741092000000001,0.0001757324,0.0057172230442934045
702.0,23.026418,0.3835450749978675,0.024953589487498266,354.741,0.2084212284,0.0012777244,0.0001780234,0.00385239148658518
703.0,23.026574,0.37474079578798825,0.02484938745064569,354.71,0.2084407522,0.0012624478,0.0001777135,0.0032484181654878516
704.0,22.94813,0.3843033574035001,0.024765027421436776,354.695,0.2084211272,0.0012435321000000001,0.0001750425,-0.0019438318214063332
705.0,22.929952,0.401948614024509,0.02461232569837277,354.699,0.2083773179,0.0012385032,0.0001730774,-0.0023246045605622035
706.0,22.930035,0.41225491026219324,0.025383040430875654,354.613,0.2083816196,0.0012425874,0.0001727208,0.0025596426311733813
707.0,22.931011,0.38685566302760355,0.024959107382917477,354.581,0.2084182393,0.0012647132,0.0001735846,0.0033044431968086607
708.0,22.931241,0.37658055486706643,0.02510368796887983,354.512,0.2084436047,0.0012733675999999998,0.00017573450000000002,0.004724413896218731
709.0,22.930501,0.38249887577137426,0.024925188344111913,354.435,0.20842789620000002,0.0012574622999999999,0.0001749252,0.0019297976558652471
710.0,22.930533,0.3999621458572301,0.025018859171985597,354.42,0.2083969846,0.0012371467,0.00017285450000000002,-0.00455999096609245
711.0,22.929841,0.41600845251593926,0.024730711692263995,354.433,0.2083516346,0.0012320573,0.0001718222,-0.0005367122522293985
712.0,22.929771,0.4068142330441976,0.024687520920129512,354.408,0.2083680198,0.0012445331,0.0001724628,-0.001116928752910167
713.0,22.845879,0.38123653804279695,0.024742169520820194,354.421,0.20842211850000003,0.0012674767,0.0001754709,-0.003039328236002895
714.0,22.825998,0.3690787242710877,0.024660883868403496,354.383,0.2084462853,0.0012647683000000002,0.0001788234,0.002467392194932752
