Time (s),O2 (Vol fr),CO2 (Vol fr),CO (Vol fr),HRR (kW/m2),MFR (kg/s),k_smoke (1/m),Mass (g)
0.0,0.20833887,0.00064887,8.01e-06,1.4944662975557343,0.025928394352759388,-0.008485896714426741,-166.53646518
1.0,0.20836276,0.00064696,1.041e-05,0.19642850689939903,0.025995818366611054,-0.010175252148442842,-166.34828346
2.0,0.20834273,0.00064252,1.074e-05,1.3087309223340524,0.02592672854187299,-0.008164777482168881,-166.35690686
3.0,0.20831804,0.00062353,9.85e-06,2.848040650707231,0.025867168188478014,-0.009028364534886982,-166.27067287
4.0,0.20833389,0.000638,8.08e-06,1.8728205836680747,0.025828408192924916,-0.010486097560229283,-166.20111079
5.0,0.20835158,0.00067625,9.9e-06,0.47147494230155707,0.025670925347830123,-0.01053801501965497,-166.22084879
6.0,0.20837292,0.0007031,1.154e-05,-0.9832236273970865,0.02568398589603872,-0.011237161940836897,-166.37779465
7.0,0.20838207,0.00072192,1.065e-05,-1.6666352652772245,0.025806808153027244,-0.010890317505196897,-166.3565236
8.0,0.20835696,0.00072265,7.23e-06,-0.27668877119973456,0.025750359200774193,-0.011507607750597646,-166.2769967
9.0,0.20837251,0.00069161,5.42e-06,-0.7253266931870679,0.02575955948736012,-0.010753625671072005,-166.2800628
10.0,0.20833542,0.00066941,2.44e-06,1.535630816771275,0.025646177376851015,-0.012759040796307554,-166.32567099
11.0,0.20835452,0.00067332,4.28e-06,0.45055448025105044,0.025660542087533936,-0.009906250755014437,-166.34195964
12.0,0.2083904,0.00068448,6.27e-06,-1.6229236792933492,0.02594697701419869,-0.010674777300312766,-166.35058303
13.0,0.20833521,0.00068521,4.61e-06,1.351231985649859,0.025991931238293214,-0.010417594653368948,-166.3084242
14.0,0.20832403,0.00065372,3.37e-06,2.329521577462242,0.02605496948516958,-0.009935867612942984,-166.32049695
15.0,0.20831499,0.00063299,4.95e-06,3.0103505647798285,0.02599632362783528,-0.012016214635564132,-166.28734478
16.0,0.20834782,0.00062243,2.83e-06,1.399537902180082,0.025805142784896536,-0.00971662576921997,-166.20973419
17.0,0.20837912,0.00062048,5.78e-06,-0.29889896944836014,0.026036863973078587,-0.009660834920216098,-166.3367856
18.0,0.20837953,0.00060875,5.49e-06,-0.18280430261752126,0.025815108756101674,-0.010971366413988302,-166.24058679
19.0,0.20839213,0.00060451,5.72e-06,-0.8125818347249875,0.025900360840115277,-0.010554655368560406,-166.48683273
20.0,0.20840849,0.00060732,5.4e-06,-1.7075514406815429,0.025853102345027953,-0.009791611347430094,-166.34368432
21.0,0.20842384,0.00064236,1.32e-06,-2.8003342617835365,0.025499005179837154,-0.011008654339854209,-166.45808807
22.0,0.20836428,0.00063999,3.26e-06,0.32072884371728555,0.025671592152079037,-0.01164447478738777,-166.33352787
23.0,0.20840697,0.0006525,4.34e-06,-2.1020253168336334,0.02576909272844216,-0.010036120323792582,-166.32586262
24.0,0.2083905,0.0006527,2.96e-06,-1.2080721145924422,0.02583913934080989,-0.010010603350482315,-166.19363718
25.0,0.20840219,0.00063677,4.89e-06,-1.6699073662827708,0.025549566100237297,-0.01090929456455034,-166.28159584
26.0,0.20838288,0.00062643,7.35e-06,-0.5873100681871699,0.025654342334780388,-0.010636279544757802,-166.38373521
27.0,0.20839376,0.00064965,7.36e-06,-1.4247526088876472,0.02577255784716804,-0.011125244499834631,-166.36323068
28.0,0.20839386,0.00066277,6.86e-06,-1.5670015260607486,0.025786556266347203,-0.011595676823264735,-166.29750122
29.0,0.20841215,0.00064064,9.03e-06,-2.353877427080822,0.0260164395864724,-0.011281109459461905,-166.30612462
30.0,0.20839996,0.00065934,1.03e-05,-1.929782106631039,0.02597222266456099,-0.009153085571459224,-166.30152548
31.0,0.20839284,0.00068937,8.94e-06,-1.8369536489947622,0.025666590839467696,-0.011592175782097184,-166.33295298
32.0,0.2084154,0.00070187,6.33e-06,-3.134275879981625,0.025783807607656025,-0.010330671274996308,-166.44831489
33.0,0.20839406,0.00070391,5.41e-06,-2.0084317077259963,0.025807801963544146,-0.01163740198334719,-166.27757159
34.0,0.20841022,0.00071951,6.72e-06,-3.0778703497722577,0.025920064846113998,-0.011434149301960538,-166.13059055
35.0,0.20839071,0.00069731,7.36e-06,-1.8089123083238217,0.02603827122333101,-0.01068156802230005,-166.2967347
36.0,0.20851399,0.00067666,7.05e-06,-8.118094943468215,0.025823182535963444,-0.010528220953762652,-166.34694204
37.0,0.20975902,0.00066639,7.06e-06,-74.14208135442229,0.025728438417964305,-0.009217078021106332,-166.35633197
38.0,0.21152432,0.00065841,7.96e-06,-169.03392023698837,0.02582140380778639,-0.007520062254840746,-166.2147166
39.0,0.21193675,0.00066733,1.07e-05,-191.99808635027563,0.025901602579708288,-0.010431774844357715,-166.36802146
40.0,0.21216503,0.0006479,8.91e-06,-204.7393111956793,0.025983814309048614,-0.010610912121083749,-166.49181514
41.0,0.21243294,0.00064146,6.88e-06,-217.34660574544364,0.025766437146534937,-0.007910659796877535,-166.43796681
42.0,0.20963269,0.00063808,7.43e-06,-67.11598439929062,0.02573281772470017,-0.010412806116199037,-166.31149029
43.0,0.20890508,0.00062814,5.91e-06,-28.40592126350734,0.025843010263778058,-0.011065671715246047,-166.17389918
44.0,0.20900499,0.00061331,2.07e-06,-33.67059267599081,0.025975344304829617,-0.010617246172895006,-166.20475178
45.0,0.20911028,0.00064394,1.9e-07,-39.65023259273928,0.025990809281377418,-0.011796516290002352,-166.25438423
46.0,0.20914281,0.00064195,2.65e-06,-40.663514534092215,0.025516278637684513,-0.010628098521111871,-166.28523684
47.0,0.20916669,0.0006714,4.1e-06,-42.72512795230659,0.025788896292038906,-0.008659138496367158,-166.34368432
48.0,0.20926924,0.00068542,1.04e-06,-48.39372316456516,0.02584438182614188,-0.011026272604046468,-166.14917877
49.0,0.20936701,0.0006956,2.69e-06,-53.96202793951724,0.025940893573488104,-0.0092650169006193,-166.27757159
50.0,0.20934953,0.00067625,3.58e-06,-52.998859905265554,0.026026941926117507,-0.009535599587707186,-166.37530344
51.0,0.20938023,0.00065812,1.33e-06,-53.17155538042276,0.025437073303050988,-0.013450325699417337,-166.25879175
52.0,0.20933195,0.00064504,-1.26e-06,-51.07317676282919,0.025755556997300325,-0.009780807342111364,-166.45195587
53.0,0.2092851,0.0006468,-3.48e-06,-48.789416329419524,0.02587828713944641,-0.009571233816830444,-166.21395007
54.0,0.20936905,0.00065898,-3.48e-06,-53.10379968338813,0.02572682258957456,-0.011503988219500083,-166.3392768
55.0,0.20936518,0.0006578,-2.87e-06,-53.094097332196334,0.025823158163946973,-0.01072185441825502,-166.33851028
56.0,0.20938643,0.00065458,-8e-08,-53.738262358807404,0.02558239514775206,-0.011001919944489529,-166.24173658
57.0,0.20937626,0.00065914,1.76e-06,-53.728846886181024,0.025795727119335754,-0.008939548446176435,-166.39964059
58.0,0.20937596,0.00065784,7.4e-07,-53.63801656908456,0.02577577626151778,-0.011075963928307108,-166.506954
59.0,0.20938663,0.0006545,9e-08,-54.39397378495912,0.02588838500358092,-0.009054527651323249,-166.28121258
60.0,0.20938175,0.00065963,-3e-07,-54.421159900820626,0.026002130519887617,-0.008865916444003226,-166.28236237
61.0,0.20938419,0.00066602,-1.43e-06,-54.484236325335395,0.025945419679084154,-0.009784960755124339,-166.36284742
62.0,0.20939161,0.00065547,-8.3e-07,-54.40446436167322,0.025769997891330235,-0.010416416457266495,-166.26703188
63.0,0.2094034,0.00064855,2.71e-06,-54.63956234762213,0.025591555468732506,-0.011392409026038813,-166.43509234
64.0,0.20939049,0.00065792,4.06e-06,-54.23156849001658,0.025660900807397264,-0.009657443239690224,-166.27967953
65.0,0.20940807,0.00064293,3.92e-06,-55.16169553115216,0.02573863919295719,-0.009840748522517439,-166.27048124
66.0,0.20935654,0.00062643,1.55e-06,-52.05535718471764,0.02567118024733656,-0.008413263930759892,-166.15895195
67.0,0.20936945,0.00061139,1.4e-06,-52.573478491394006,0.025672632782232988,-0.011200002445550946,-166.42627731
68.0,0.20933561,0.00061017,2.8e-06,-51.28242504173339,0.025921654310955677,-0.00998944529300694,-166.23311319
69.0,0.20933297,0.00060133,2e-06,-50.87618419649187,0.025845055918063742,-0.009650076131496918,-166.31168193
70.0,0.20938876,0.00059604,1.97e-06,-54.03570715652727,0.025959746490710783,-0.011072454775584013,-166.38009422
71.0,0.2093911,0.00062659,3.14e-06,-54.24133291003064,0.02582397858981922,-0.01171265024148618,-166.22353163
72.0,0.20934191,0.00065352,1.96e-06,-51.94095014641377,0.02584698748042981,-0.012256888596045073,-166.43394255
73.0,0.20935106,0.00063796,2.31e-06,-51.832572880438704,0.02563454094798749,-0.01120190892905462,-166.34943325
74.0,0.20935228,0.00062618,3.06e-06,-51.4685875883104,0.02548028223118866,-0.009587541859477147,-166.36955451
75.0,0.20935136,0.00064753,4.51e-06,-52.46504240632764,0.02586629511254048,-0.009804101898618064,-166.36897962
76.0,0.20933591,0.00062366,6.7e-06,-50.739071079926745,0.02552771626059078,-0.011505788231230796,-166.31819738
77.0,0.20935909,0.00061172,6.06e-06,-52.21656698075144,0.025723774645085445,-0.00961306738619292,-166.34751694
78.0,0.2093663,0.00060439,5.27e-06,-52.384293211136765,0.02566522424824943,-0.008986044375113564,-166.42110327
79.0,0.2093225,0.00061726,3.51e-06,-50.50714628452453,0.025836953582497445,-0.011078214396486877,-166.32011369
80.0,0.20934059,0.00063062,1.1e-07,-51.42233198604231,0.025767983662299074,-0.009255325102681317,-166.35518218
81.0,0.20934506,0.00062406,-2.19e-06,-51.71463811256506,0.02585282797227361,-0.010494793871367019,-166.3843101
82.0,0.20935848,0.0006127,-3.08e-06,-52.23489035135522,0.02582646699773481,-0.009746268762229338,-166.39695776
83.0,0.20931335,0.00059437,-5.13e-06,-49.41459897070229,0.02573871288574267,-0.01159728736561154,-166.31283171
84.0,0.20941316,0.00057041,-4.66e-06,-54.926887606897694,0.025956335965178285,-0.008819032625984909,-166.26722351
85.0,0.2093848,0.0005634,-6.1e-06,-52.99576861840135,0.02580835417137882,-0.010618736021480588,-166.19823633
86.0,0.2093849,0.00058459,-1.64e-06,-53.64769581488658,0.02596690557462257,-0.010766161970785339,-166.32547936
87.0,0.20937504,0.00061889,2.44e-06,-53.591008852832964,0.02597233660808487,-0.011370948244910209,-166.14515452
88.0,0.20939842,0.0005962,2.85e-06,-54.538573110116516,0.025943725830985177,-0.009684642957505235,-166.44026638
89.0,0.20938297,0.00058773,6.6e-07,-53.76454914277389,0.02603591210576867,-0.011598539400030495,-166.22448978
90.0,0.20938998,0.000585,2.51e-06,-54.09173249938662,0.026010079751590736,-0.012605975332292517,-166.31417313
91.0,0.20941234,0.00058883,2.6e-06,-55.22053909437551,0.02595444169067369,-0.010055804839747873,-166.3423429
92.0,0.20940228,0.00060504,1.55e-06,-54.93257332178198,0.02599658718572419,-0.010994648388276485,-166.47169388
93.0,0.20939954,0.00061844,-3.3e-07,-54.27038677905388,0.025697835313186698,-0.011194100172479262,-166.36073948
94.0,0.20940259,0.0006547,-1.31e-06,-55.030283049751255,0.02579728847051607,-0.011400099251353596,-166.3959996
95.0,0.2093974,0.00067556,-7.1e-07,-54.856053543943524,0.025730870361176363,-0.010385577162358325,-166.39465818
96.0,0.2093849,0.00066598,2.53e-06,-54.56524746379571,0.025931163870702774,-0.013908786677135009,-166.36284742
97.0,0.20941316,0.00066077,5.57e-06,-55.78211389172624,0.025794240340585733,-0.011329724348234023,-166.29175229
98.0,0.20942596,0.00066321,2.45e-06,-56.283776864641965,0.025725292972405438,-0.010521785260332792,-166.34847509
99.0,0.20944405,0.00065071,-9.9e-07,-56.97018270836297,0.02569220884947551,-0.010953406532311338,-166.0679272
100.0,0.20939151,0.00066594,-4.6e-07,-54.6808841392162,0.025844700351964036,-0.011530127704448832,-166.24365289
101.0,0.20941336,0.00065869,2.58e-06,-55.94432015989835,0.025900664864088065,-0.009309831577281416,-166.22793914
102.0,0.20939537,0.000625,6.21e-06,-54.29021248315284,0.025720733965936538,-0.012115163893833042,-166.26913982
103.0,0.20939364,0.00062235,6.78e-06,-54.023965319397526,0.02564705815898606,-0.010765737260527392,-166.38162727
104.0,0.20939801,0.00065613,4.72e-06,-54.6531526896302,0.02567518452907011,-0.010246636894203374,-166.26684025
105.0,0.20939689,0.00060683,5.67e-06,-53.997827731057114,0.02564434610866885,-0.0112616415302368,-166.28715315
106.0,0.20939252,0.00063417,4.13e-06,-54.30790066770818,0.025770689982411357,-0.012325932920374776,-166.23330481
107.0,0.20940309,0.00064798,1.78e-06,-55.31965388351854,0.025928939483900335,-0.011646931903485962,-166.29999243
108.0,0.20942312,0.00067287,6.3e-07,-56.56678750303764,0.025889988244766463,-0.01235630492782207,-166.32777894
109.0,0.20942932,0.00063747,-2.08e-06,-56.683188946239014,0.025996275355767307,-0.01087953109113726,-166.11602659
110.0,0.20941875,0.00062622,-4.94e-06,-55.99994456883974,0.026026365618816324,-0.010913917779153053,-166.31014888
111.0,0.2094036,0.00063722,-2.4e-06,-55.415840000048064,0.026054529482308488,-0.011625315074980736,-166.08785682
112.0,0.20940624,0.00063967,1.32e-06,-55.26951502647828,0.025874099306222746,-0.012703932661709027,-166.46498679
113.0,0.20941031,0.00063087,4.59e-06,-55.41906650548223,0.025860118437451403,-0.012421593501376475,-166.26549883
114.0,0.20943806,0.00061742,5.21e-06,-56.38072362443149,0.02568567365233888,-0.01148238335790716,-166.36572189
115.0,0.20939161,0.00059331,1.68e-06,-53.46313065296371,0.02562923408879082,-0.012371905861377711,-166.43087646
116.0,0.20945096,0.00064386,-8.2e-07,-57.18473934146515,0.025656577059748813,-0.011278632321681067,-166.28332052
117.0,0.20940147,0.00060785,-2.04e-06,-54.57340978308652,0.02586359100939752,-0.0135430207821283,-166.45003956
118.0,0.20940563,0.0006226,-2.49e-06,-54.9128739480697,0.02584479679088074,-0.012337314134395877,-166.25994153
119.0,0.2093908,0.000634,-8.2e-07,-54.50544580109927,0.025952664107631095,-0.012872320997593757,-166.29386023
120.0,0.20941102,0.00065409,9.9e-07,-55.62329989203178,0.025847382296983384,-0.010422591086578673,-166.35690686
121.0,0.20940421,0.00064639,-2.61e-06,-54.808350245060815,0.025707460404643556,-0.01198310287530609,-166.24595247
122.0,0.20939811,0.00061522,-3.17e-06,-54.23676014912637,0.02575972571917258,-0.011216867519684872,-166.34924162
123.0,0.20938734,0.00061266,-1.2e-07,-54.118833006886334,0.02596511847751436,-0.012900422024925489,-166.15550259
124.0,0.20938602,0.00060655,3.71e-06,-53.90527324723431,0.025895463990543714,-0.012061598537067036,-166.29194392
125.0,0.20937088,0.00059481,6.15e-06,-52.53300444172005,0.025663306743950943,-0.010931793687455933,-166.27316408
126.0,0.20935695,0.00061017,6.7e-06,-52.12359010376151,0.025736775386805032,-0.013698514983527248,-166.28696152
127.0,0.20940259,0.00054503,8.37e-06,-53.73844627158314,0.0256804082457986,-0.013327349019808088,-166.3250961
128.0,0.20936935,0.00059775,9e-06,-52.5564585287143,0.02567294315947089,-0.011327246589308358,-166.29041087
129.0,0.20940939,0.00061604,9.1e-06,-55.64660865561867,0.026028316049455807,-0.011114459571643871,-166.16930003
130.0,0.20937372,0.00064146,6.67e-06,-53.20363718690647,0.025659411109719102,-0.01153478421024268,-166.35939806
131.0,0.20938409,0.00064272,2.7e-06,-54.05798544534006,0.025832864125620504,-0.011366909606663726,-166.50772052
132.0,0.20937718,0.0006358,2.8e-06,-53.56091312589313,0.025807596392233043,-0.011826981909952778,-166.32317979
133.0,0.20938043,0.00061787,2.18e-06,-53.02807695672807,0.0255692121886573,-0.012663668024339155,-166.43509234
134.0,0.20937616,0.00067702,1.28e-06,-53.33400065822017,0.025518001251976424,-0.011572079525663062,-166.28427868
135.0,0.20941234,0.00063449,-5.8e-07,-55.03115939793452,0.025654289785192932,-0.01350082142646791,-166.25802522
136.0,0.20937392,0.00064891,-7.8e-07,-53.27587234374711,0.02571507599113872,-0.01337851045996951,-166.34100148
137.0,0.2093788,0.00060561,-2.7e-07,-53.381823640938045,0.025869874357563456,-0.012311143421870042,-166.3109154
138.0,0.20938734,0.00064154,7e-08,-54.30686078763331,0.02589820617113704,-0.013786443317549756,-166.38392684
139.0,0.20939689,0.0006338,2.18e-06,-54.98107426083819,0.025997824794111106,-0.014709214667520511,-166.29481839
140.0,0.2094034,0.00064651,7.3e-07,-55.34098334060344,0.02594800727201615,-0.011846963883983156,-166.31551455
141.0,0.20942322,0.00061306,-1.63e-06,-55.703570885111276,0.02581777642789104,-0.015095589215905248,-166.24921019
142.0,0.20940553,0.00059441,-3.16e-06,-54.278138963437286,0.025702071402247038,-0.014416086347662916,-166.25208466
143.0,0.20943226,0.00068301,-4.26e-06,-56.99611412337855,0.025852183384969977,-0.014892691948165135,-166.28351216
144.0,0.20944517,0.00064671,-4.4e-06,-57.342342528096765,0.02588167724951854,-0.012417601525604997,-166.29386024
145.0,0.20942484,0.00065922,-1.19e-06,-56.21347193871531,0.025771432338557113,-0.01249849915583665,-166.25055161
146.0,0.20939669,0.00063954,-2.5e-06,-54.55402030583585,0.025811380201229243,-0.013778011579007762,-166.24767715
147.0,0.20940299,0.00062178,-3.84e-06,-54.595205985820655,0.025777512636732735,-0.0140644185920532,-166.28906946
148.0,0.20939202,0.00061388,-5.06e-06,-53.58566258814952,0.025627226239626336,-0.012849000193744242,-166.36054785
149.0,0.2094098,0.00061478,-3.3e-06,-55.22934625349703,0.025936915944126622,-0.01384313786976107,-166.54643
150.0,0.2094096,0.0006362,-1.72e-06,-55.504674968080785,0.02594443863692191,-0.01519930657061183,-166.34885836
151.0,0.20940716,0.00063205,-2.94e-06,-55.08255507998329,0.025840303491506584,-0.014557087650159877,-166.30497484
152.0,0.20944639,0.00063718,-4.26e-06,-57.39330887969826,0.0259223172895956,-0.01329776004250102,-166.35805665
153.0,0.2094345,0.00066008,-2.12e-06,-57.211578525561514,0.02599444146522827,-0.013348600615714615,-166.35403239
154.0,0.20943003,0.00065881,5.7e-07,-56.69989178270518,0.0258544303285722,-0.011513463292640457,-166.29654307
155.0,0.20943755,0.00063804,-7.2e-07,-56.4643850585787,0.025681137522029617,-0.014282135318951356,-166.27278082
156.0,0.20941061,0.00062072,-1.91e-06,-54.75816579076157,0.025652503806145605,-0.01449241786566097,-166.1807979
157.0,0.20942525,0.00062223,-1.9e-07,-55.404657590856765,0.025570212854827263,-0.012614189830089877,-166.36265579
158.0,0.20942789,0.00064504,1.51e-06,-56.11751906615611,0.025702806628820088,-0.014373339724495953,-166.3195388
159.0,0.20944161,0.00061604,2.24e-06,-56.76378948022807,0.02580585928826406,-0.013335501867434263,-166.31225682
160.0,0.2094472,0.00063274,1.66e-06,-57.148612783219995,0.025765485892864464,-0.0140108252833715,-166.25189303
161.0,0.20943226,0.00065674,4.04e-06,-56.80824435155447,0.02583089351611186,-0.012732581778075545,-166.26626536
162.0,0.20939984,0.00068065,4.13e-06,-55.5476640717767,0.02592507313996823,-0.012798457172694178,-166.38469337
163.0,0.20942312,0.00066289,2.8e-06,-56.59492095768851,0.025935802785790066,-0.014194856380013634,-166.34080985
164.0,0.20941275,0.00063034,3.65e-06,-55.77408730589555,0.025975551437907873,-0.015857017628803125,-166.26128295
165.0,0.20942291,0.00059465,1.91e-06,-55.526542727444614,0.025808564486355216,-0.01412409527154475,-166.20532668
166.0,0.20940533,0.00057546,-1.91e-06,-53.86268452164676,0.02559903884300063,-0.013061057643858889,-166.21069235
167.0,0.20940065,0.00057249,-5.11e-06,-53.333995084761554,0.02550836122999778,-0.014044859450662823,-166.37836954
168.0,0.20941509,0.00057432,-7.48e-06,-54.33023386880308,0.0256299291017846,-0.014104922154355826,-166.27852975
169.0,0.20943379,0.00056626,-8.86e-06,-55.485454177032686,0.025759494299650434,-0.01379988940076226,-166.25764196
170.0,0.20940289,0.00061604,-7.49e-06,-54.18638280272485,0.025648665857354033,-0.015268771955542836,-166.11123582
171.0,0.20942454,0.00064606,-3.31e-06,-56.27321108954282,0.025891849627278654,-0.014098622375737304,-166.43739191
172.0,0.20939801,0.00063861,9.5e-07,-54.43541088752896,0.025697024430516587,-0.013551974292495371,-166.27412223
173.0,0.20941488,0.00062337,1.91e-06,-55.26688725907718,0.02573763789559789,-0.01566579170955028,-166.22908893
174.0,0.20940726,0.00060308,1.02e-06,-54.733439646757596,0.02579166067302533,-0.015561740630558547,-166.27163103
175.0,0.20941519,0.00057929,-2e-06,-54.867193434499576,0.025806867502574927,-0.014701526206166679,-166.39714938
176.0,0.20942088,0.00057754,-1.72e-06,-55.288131561241016,0.02586851335741714,-0.013987705758164076,-166.2147166
177.0,0.20943297,0.00058618,1.47e-06,-56.23894264120036,0.025936961507311472,-0.012470235287547543,-166.20532667
178.0,0.20942667,0.00059881,1.43e-06,-55.928053392063894,0.025884095490456116,-0.01381814774417792,-166.18194768
179.0,0.20940187,0.0005931,-3.1e-07,-54.23833551758376,0.025757612750211243,-0.015619645100033462,-166.42934341
180.0,0.20941173,0.00059905,-1.33e-06,-54.95928757206068,0.02582728237423889,-0.013962342762090837,-166.26319926
181.0,0.20938124,0.00067829,-3.94e-06,-54.291650638996956,0.025885468176944773,-0.013972248086808123,-166.37549508
182.0,0.20942047,0.00065796,-5.53e-06,-55.722157194831674,0.02569558553240861,-0.013933425849700976,-166.22755588
183.0,0.20939832,0.00067906,-7.27e-06,-55.154928096221774,0.025886438382000502,-0.0161660808075013,-166.39101719
184.0,0.20937799,0.0005949,-8.34e-06,-52.82196370943263,0.025749229846161334,-0.013959791859709884,-166.32413795
185.0,0.20942454,0.00064464,-8.92e-06,-55.818353495550696,0.025737301525307565,-0.014291721347813811,-166.37032104
186.0,0.20939202,0.00060903,-9.4e-06,-53.80131071795208,0.025794504462711153,-0.014180670872812969,-166.44448226
187.0,0.20941234,0.00059815,-7.89e-06,-54.663200935290305,0.025734257528838796,-0.012792175582477727,-166.43930822
188.0,0.20942413,0.0005678,-4.67e-06,-54.918731789211634,0.025690952084399463,-0.01267861598920377,-166.19976937
189.0,0.20940736,0.00059176,-3.7e-07,-54.427793828622924,0.02571658237998207,-0.014417830793847959,-166.33985169
190.0,0.20942413,0.00064484,6.8e-07,-56.12373672679073,0.025805580235102227,-0.01442419210811489,-166.29577654
191.0,0.20941529,0.00057347,4.04e-06,-55.108410173967464,0.025895979391362345,-0.015800339250966224,-166.28217074
192.0,0.20941102,0.00059995,7.22e-06,-55.1223277537277,0.025842840549936064,-0.015312663232464593,-166.31858064
193.0,0.2094099,0.00057294,5.37e-06,-54.86636700268744,0.02590914401424959,-0.013363255929588027,-166.44448226
194.0,0.2094097,0.00060272,2.81e-06,-54.46387031088882,0.02559026701603032,-0.015580256961532852,-166.40136527
195.0,0.20944039,0.00067397,2.49e-06,-56.86751635114056,0.025588230084516397,-0.014888370024362715,-166.20111079
196.0,0.20941417,0.00065454,2.52e-06,-55.54788518535292,0.0257191052106193,-0.01672473905154974,-166.13710601
197.0,0.20940858,0.00061571,3.91e-06,-54.73067443560284,0.025666212971138448,-0.01646985667591382,-166.35614033
198.0,0.20945178,0.00061209,3.24e-06,-57.12568227044298,0.02573600164217588,-0.015595171484821688,-166.27297245
199.0,0.20938002,0.00063433,4.59e-06,-53.88784988651447,0.025883899871575838,-0.014832516926917028,-166.42761873
200.0,0.20942932,0.00060667,5.65e-06,-56.3447354936033,0.025934122694052132,-0.014354061035921989,-166.31244845
201.0,0.20941895,0.00063144,7.3e-07,-55.6446959549006,0.025780686786635035,-0.013863399010891276,-166.21107561
202.0,0.20940218,0.00058988,-1.34e-06,-54.22508136262895,0.025769545698607666,-0.014519122151457915,-166.32011369
203.0,0.20942494,0.00058716,1.06e-06,-55.32891975060714,0.025712586361498757,-0.016762289965119078,-166.18558868
204.0,0.20939435,0.00062211,3.19e-06,-54.358069653036715,0.025820374686358824,-0.014780256088085754,-166.29960917
205.0,0.20941305,0.0005654,5.34e-06,-54.43214496818687,0.02566501285247959,-0.014338006049403485,-166.15607749
206.0,0.20940086,0.00061103,3.88e-06,-54.56677635616892,0.025807318505535255,-0.015664326741660274,-166.18999619
207.0,0.20940563,0.00057538,3.33e-06,-54.272913453104614,0.02574106724390523,-0.015576672773271402,-166.22065716
208.0,0.20945859,0.00063832,3.84e-06,-58.062701626642834,0.02585667265839914,-0.014263068696863099,-166.37051267
209.0,0.20940208,0.00065319,5.4e-06,-55.48625036365285,0.02597349447768873,-0.014768234546548483,-166.28274563
210.0,0.20941021,0.00067474,1.41e-06,-55.88096864333006,0.02587606195414426,-0.013843819900063989,-166.53052462
211.0,0.20942007,0.00068269,1.53e-06,-56.25759756323951,0.025765086565078883,-0.015110731992786584,-166.33870191
212.0,0.20941864,0.00067772,3.18e-06,-55.86574499418381,0.025631784298121543,-0.01500292738738407,-166.49047372
213.0,0.20946306,0.00068383,2.46e-06,-58.233576120066914,0.025613546409872644,-0.015290877885816838,-166.17754017
214.0,0.20941824,0.00067042,-1.07e-06,-56.0654333538652,0.025806595671832678,-0.015041646269859129,-166.32030532
215.0,0.20942271,0.00064415,-2.32e-06,-56.319179199832256,0.025959636545930562,-0.017316526446248582,-166.25304281
216.0,0.20944273,0.00062146,-3e-06,-56.9785492321768,0.025892641661382138,-0.016879088470439344,-166.53761497
217.0,0.2094344,0.00060801,-4.56e-06,-56.052933672324684,0.025754859187017105,-0.014331782354221764,-166.27431386
218.0,0.20944243,0.00058919,-2.66e-06,-55.93961385991454,0.025587508111796674,-0.014876274932845449,-166.38565152
219.0,0.20946082,0.00058349,-4e-08,-57.285212972281705,0.02576196329517692,-0.015430065873364594,-166.18271421
220.0,0.20943653,0.00056727,6.2e-07,-55.96302960721451,0.025826860981688092,-0.015730764333685043,-166.35843991
221.0,0.20941336,0.00060211,1.17e-06,-55.10018457995865,0.025814871280188962,-0.016922882842101517,-166.38890925
222.0,0.20944669,0.00060259,1.64e-06,-57.058229993881916,0.025889727557594746,-0.014762569341752244,-166.33985169
223.0,0.2094533,0.000596,1.9e-07,-57.356091778851265,0.025909941982409194,-0.015445405902811472,-166.42301958
224.0,0.20943135,0.00059958,2e-08,-55.69689553904084,0.025670152028539728,-0.01591511692022758,-166.35134956
225.0,0.2094221,0.00059127,1.44e-06,-55.025077744373505,0.0256168581309932,-0.016293685322400324,-166.30459158
226.0,0.20947556,0.00060308,2.48e-06,-57.755816218566494,0.025505927859873614,-0.016009648322901904,-166.40328158
227.0,0.20942434,0.0006259,4.1e-07,-55.76161910769639,0.025733328157468215,-0.013520859155598756,-166.42244469
228.0,0.20943104,0.00064586,2.6e-06,-56.579339180799344,0.025823874823527066,-0.014680469487880049,-166.4952645
229.0,0.20948206,0.00067605,1.34e-06,-59.84019988361327,0.025919769607383257,-0.014118899251128506,-166.40692257
230.0,0.20943704,0.00067458,-1.73e-06,-57.25533331148536,0.025875413796498457,-0.016824317087516284,-166.2116505
231.0,0.20943226,0.00063144,-4.2e-07,-56.14640535729741,0.025695272591834527,-0.015893288646678928,-166.3109154
232.0,0.20940828,0.00063136,3.3e-07,-54.64510624219319,0.025582856709701302,-0.015938982015926747,-166.34368432
233.0,0.20937311,0.00065323,2.45e-06,-53.654083421673974,0.02586638022277149,-0.015018016732705265,-166.42321121
234.0,0.20939913,0.00066252,-1.7e-07,-55.22279726167206,0.025923408071780448,-0.016176883058330108,-166.33755212
235.0,0.20942007,0.00065564,4.9e-07,-56.20913022460539,0.02589068836466384,-0.013984597405238561,-166.28159585
236.0,0.20945289,0.00065299,3.13e-06,-56.834760734041566,0.025376928797754546,-0.014516463065415817,-166.12560815
237.0,0.20945716,0.00065983,3.85e-06,-57.966926348476576,0.025740962393185393,-0.01662639384425084,-166.09782164
238.0,0.20941031,0.00065132,2.64e-06,-54.572355866911195,0.0253765910415062,-0.015285881485544325,-166.28025443
239.0,0.20940452,0.00063502,3.2e-06,-55.105746702625275,0.025848597303358218,-0.01693253165016923,-166.15339465
240.0,0.20940157,0.00063767,3.4e-07,-54.87796831354764,0.02582647864668525,-0.013517703048451539,-166.35154119
241.0,0.20938266,0.0006404,-1.66e-06,-53.49750469037724,0.0256517497503523,-0.01594485436702656,-166.34100148
242.0,0.20937565,0.00061408,-3.5e-07,-53.249542426896596,0.025842094591560234,-0.015269756195802998,-166.33180319
243.0,0.20942261,0.00062398,4.2e-07,-55.693234271320925,0.025754086666472227,-0.01646334601718743,-166.3620809
244.0,0.20939273,0.00061225,-1.5e-06,-53.64620150208724,0.02561570439290512,-0.018803538214880403,-166.29098577
245.0,0.209391,0.00063975,-3.6e-06,-54.73918605411303,0.026052557705270832,-0.016924842418696708,-166.30325016
246.0,0.20940452,0.00063193,-1.44e-06,-55.1491661334822,0.02592554154804471,-0.013876791795821236,-166.36859636
247.0,0.20941194,0.00060541,-1.47e-06,-55.28431946528594,0.02594236168770101,-0.01663889588955352,-166.18233095
248.0,0.20938734,0.00058838,5.2e-07,-53.113479170457666,0.025606353988574467,-0.015135107403633998,-166.282554
249.0,0.20940645,0.00057273,1.91e-06,-54.25724039496515,0.025739330334538128,-0.01825080008127602,-166.39178371
250.0,0.20938307,0.00058141,1.5e-07,-52.95531265507601,0.025680029007021578,-0.015127360414026118,-166.22928056
251.0,0.20946407,0.00059885,3.2e-07,-57.460903674973714,0.02568348980217091,-0.015163207412826042,-166.36591352
252.0,0.20944344,0.00059086,-8.2e-07,-56.617760674254775,0.02584891422572738,-0.011891698746543795,-166.40998867
253.0,0.20941102,0.00057339,-2.59e-06,-54.87657369895962,0.025952859212577208,-0.016334968013367993,-166.4132464
254.0,0.20943643,0.00056023,-4.22e-06,-55.96478186901097,0.025907939951113377,-0.014883557064985594,-166.30171711
255.0,0.20942413,0.00055623,-5.84e-06,-55.121201336782406,0.025856399442031962,-0.016056337426635488,-166.28312889
256.0,0.20946021,0.00058512,-5.14e-06,-57.0141830169799,0.025688574013262095,-0.01700750838578392,-166.30804094
257.0,0.20942667,0.00062944,-3.52e-06,-55.763978227869494,0.025692388097264943,-0.015544852197459274,-166.36342232
258.0,0.20942891,0.00063991,-1.3e-07,-55.91193429515149,0.025623729130762385,-0.016214766669218224,-166.38718457
259.0,0.20943257,0.00061306,-8.9e-07,-55.6848421726734,0.02557368001282673,-0.017023062147590414,-166.27297245
260.0,0.2094531,0.00060968,-2.95e-06,-57.14301247691891,0.02577558654614365,-0.017513944677356875,-166.28466194
261.0,0.20943419,0.00064606,-1.8e-07,-57.152377448437065,0.02603059449513596,-0.015359525769138543,-166.38220216
262.0,0.20943714,0.00063576,5.5e-07,-57.40361580258397,0.026119351299470375,-0.0148972235481483,-166.39465818
263.0,0.20946672,0.00061795,3.09e-06,-58.115852773659824,0.025794788114379328,-0.015363090628352314,-166.32701241
264.0,0.20942606,0.00061836,2.08e-06,-55.726520614777236,0.025699552529665038,-0.016697203265273474,-166.42244469
265.0,0.20941773,0.00062272,1e-08,-55.23689110227188,0.02567280709865255,-0.016434844383038737,-166.23234666
266.0,0.20943155,0.00060223,-2.5e-07,-55.858786070963774,0.02572853307749203,-0.01530005346080047,-166.302292
267.0,0.20943745,0.00059261,-2.3e-07,-55.97927726755815,0.02568883838083251,-0.015175615639393828,-166.2572587
268.0,0.20939557,0.00057889,-2.03e-06,-53.49845381710007,0.02565487861631063,-0.01678694480588125,-166.34406758
269.0,0.20944141,0.00060052,-2.29e-06,-56.656962464080856,0.025879353732766206,-0.016338200117087233,-166.47686792
270.0,0.20942434,0.00060858,-3.59e-06,-55.803572370968546,0.02587642050230734,-0.014435187115736253,-166.30497484
271.0,0.20940746,0.00060936,-2.66e-06,-54.55220346950654,0.025700129041748496,-0.014397859189229084,-166.29386023
272.0,0.20944497,0.00060259,-1.04e-06,-57.14491045639509,0.025993583542098467,-0.013631384740092883,-166.28830293
273.0,0.20941631,0.00060101,-9.8e-07,-55.47280715659762,0.025939775587754715,-0.01575892745408717,-166.25917501
274.0,0.20941671,0.00061828,-1.31e-06,-56.01284930139442,0.026093794605798942,-0.01508702890018254,-166.28025443
275.0,0.20942271,0.00064521,1.19e-06,-56.377819530886406,0.025951183281986288,-0.015486997972836286,-166.29328534
276.0,0.2093789,0.00065723,4.08e-06,-54.027682635223606,0.025861135187513106,-0.014943951690945265,-166.24710225
277.0,0.20938165,0.00066281,3.56e-06,-54.231746891054016,0.02586310039365361,-0.014722402806137128,-166.27048124
278.0,0.20939029,0.0006712,2.45e-06,-54.20129460043639,0.02559583103057491,-0.01473573911698244,-166.36955451
279.0,0.20941265,0.00065983,6.5e-07,-55.04528148142711,0.025512222662738112,-0.015426806432757281,-166.36246416
280.0,0.20945289,0.00068122,3.41e-06,-57.41146026056749,0.02549286587683685,-0.01376579831932218,-166.45617176
281.0,0.20942078,0.00068733,6.41e-06,-56.18910029936081,0.025651891724896524,-0.014188133423550598,-166.23962864
282.0,0.20942993,0.00068476,7.59e-06,-56.57484488267877,0.025609934514243378,-0.01625511947045154,-166.2708645
283.0,0.20943511,0.00066994,7.35e-06,-57.24038127080947,0.025862997310192697,-0.015194986976298785,-166.35441566
284.0,0.20944903,0.000645,4.18e-06,-57.168116427766655,0.025648258881097518,-0.01598398005727866,-166.40558115
285.0,0.20946438,0.00063075,3.46e-06,-57.923151010015395,0.02569815501731395,-0.015834020667935676,-166.32222163
286.0,0.20943308,0.00060557,6.34e-06,-56.100329448786056,0.025729365707030025,-0.015260714639966715,-166.2344546
287.0,0.20946834,0.00062239,7.95e-06,-57.90041435045478,0.02559977974892067,-0.01466521048272953,-166.19306229
288.0,0.20939964,0.00061144,4e-06,-54.48128370785785,0.025794443532796592,-0.016471940410689785,-166.54202249
289.0,0.20941854,0.00058813,8.8e-07,-55.512358568433676,0.025953915218249246,-0.014470313303529133,-166.3367856
290.0,0.20943948,0.00057534,-7.3e-07,-56.22788299219483,0.025846130187686122,-0.014839832720224277,-166.5544785
291.0,0.20945127,0.00059758,-3.97e-06,-57.10356410676433,0.02587165001266245,-0.01610525367405127,-166.28140421
292.0,0.20940878,0.00061164,-3.27e-06,-54.873207130988206,0.025811457616692204,-0.014952081119515665,-166.45157262
293.0,0.2094038,0.00059742,-2.14e-06,-54.68066517203608,0.025911627030323528,-0.01607298097205652,-166.32950362
294.0,0.20941529,0.00061245,-2.35e-06,-55.23515013731533,0.025806090921456557,-0.014787981918062248,-166.302292
295.0,0.20942993,0.00060724,-8.4e-07,-56.02144743448385,0.02582248737160161,-0.016945598384506794,-166.20264384
296.0,0.20945381,0.0006226,-1.09e-06,-57.68251234983176,0.025920769511036192,-0.016891927621690835,-166.30765767
297.0,0.20942525,0.00065136,-1.48e-06,-56.124413489746715,0.025763265280671563,-0.01502482344036702,-166.30804094
298.0,0.20941895,0.0006327,-4.51e-06,-55.301319573697526,0.0256595987122055,-0.01677392159284625,-166.32988688
299.0,0.20942474,0.00063572,-3.84e-06,-55.57107378955393,0.025621194756844844,-0.01606900133608444,-166.17562386
300.0,0.20946895,0.0006151,-3.92e-06,-57.62976467529478,0.02559757465493464,-0.01517390888319592,-166.34406758
301.0,0.20943043,0.00060532,-3.32e-06,-55.519750145059156,0.025609760758582307,-0.015816753119263376,-166.2856201
302.0,0.20941783,0.00061054,-4e-08,-54.84879802220377,0.02555307271804618,-0.01706422911782135,-166.1863552
303.0,0.20941895,0.00060211,2.59e-06,-54.562037796133254,0.02541306354856375,-0.015872966106379435,-166.32701241
304.0,0.20944497,0.00060227,3.23e-06,-56.315271986200806,0.025582326951728747,-0.015997820293119438,-166.37683649
305.0,0.20941783,0.00062545,4.86e-06,-55.49058145759183,0.02573266912682265,-0.016353065294210607,-166.29596818
306.0,0.20947393,0.00063686,3.55e-06,-58.787333457357775,0.025824193903840924,-0.015969700851302105,-166.31225682
307.0,0.2094098,0.00063995,-2.2e-07,-55.06742995905176,0.025702699952743917,-0.014661202937352546,-166.24729388
308.0,0.20947688,0.00064765,-2.95e-06,-58.78365092774998,0.025753176478310887,-0.01577168764892659,-166.32107185
309.0,0.20940736,0.00064614,-4.75e-06,-55.49060528212171,0.025968072756832692,-0.013599153408311259,-166.2172078
310.0,0.2094534,0.00062973,-5.39e-06,-57.25486853800404,0.025738191888024176,-0.016421135244748756,-166.23905375
311.0,0.20941895,0.00061453,-5.02e-06,-55.71693748651489,0.025951625640463247,-0.015941714033262073,-166.32164674
312.0,0.20941448,0.00063702,-4.86e-06,-55.452197671409344,0.0258209068603916,-0.014619899500052136,-166.25246792
313.0,0.20942799,0.00065979,-2.17e-06,-56.29830233755881,0.025738806653147775,-0.016397212354907008,-166.23004708
314.0,0.20946723,0.00068937,1.41e-06,-59.16685169461189,0.0259069438551949,-0.017676227095092298,-166.41497108
315.0,0.20945442,0.00068167,3.78e-06,-58.424424179348236,0.02590098423958537,-0.015118679547429875,-166.36572189
316.0,0.20942688,0.00066232,3.65e-06,-57.15316936658809,0.02609434793856559,-0.014907350293779327,-166.16930003
317.0,0.20941864,0.00065303,6.7e-07,-56.2904722894402,0.02597552728370414,-0.01699665968925028,-166.35824828
318.0,0.20941529,0.00066497,-1.9e-06,-55.957275143658144,0.0258646065392587,-0.014731947247596312,-166.23330481
319.0,0.20942799,0.00061465,-2.78e-06,-55.63567958678104,0.02567053966899528,-0.016193205253558027,-166.36610515
320.0,0.20946804,0.00061184,-4.43e-06,-58.01455861308026,0.025810439974474474,-0.017188126411920055,-166.11985922
321.0,0.20943765,0.00061168,-5.58e-06,-56.45999048774422,0.02585183284954023,-0.015499418860363615,-166.26684025
322.0,0.20943572,0.00059359,-5.24e-06,-56.17304437723738,0.02585762424118159,-0.014855570592806684,-166.34675041
323.0,0.20941824,0.00062235,-4.21e-06,-54.88791998816736,0.02553577102590566,-0.018299761746980465,-166.13538133
324.0,0.20942027,0.00063881,-2.51e-06,-55.317086085258794,0.02558612451661467,-0.016620680392895538,-166.34406758
325.0,0.20946499,0.0006325,1e-06,-57.83312816165922,0.025655226478306377,-0.015211546941215326,-166.25093487
326.0,0.20946062,0.00061095,2.3e-07,-57.59059015708267,0.02576396164518644,-0.016747460648468042,-166.16029337
327.0,0.20945513,0.00060219,-2.4e-07,-57.47036402154256,0.025889525065519788,-0.015818383158900537,-166.10510362
328.0,0.20946601,0.00062675,-2.39e-06,-58.124266450247276,0.02581649941713894,-0.015606071286948256,-166.36610515
329.0,0.20944934,0.00060219,-3.82e-06,-56.76773172951912,0.02574149064013141,-0.015626218737194636,-166.29002761
330.0,0.20946458,0.00058801,-4.51e-06,-57.143407725055795,0.025622820124003964,-0.015735607339959365,-166.3109154
331.0,0.2094654,0.00058121,-7e-07,-57.53197343592385,0.02578005668566995,-0.01524193766154361,-166.46000438
332.0,0.20948054,0.00062578,2.03e-06,-58.89936212394695,0.025785268175188843,-0.017194701229374998,-166.24441942
333.0,0.20947749,0.00065262,8e-07,-59.14563395993569,0.025842749586402335,-0.01598910490518064,-166.32969525
334.0,0.2094471,0.00066256,2.37e-06,-57.16113531181678,0.025618385036316513,-0.016010737138438987,-166.35192445
335.0,0.20945747,0.00066949,4.63e-06,-57.936787468263404,0.025666195406933122,-0.015528197249577698,-166.28293726
336.0,0.20945279,0.00063201,6.79e-06,-57.394916516408415,0.025703769304603528,-0.016247140349261682,-166.24403615
337.0,0.20948034,0.00060675,6.98e-06,-58.52101743402943,0.02567726314998014,-0.017783234775214794,-166.43835007
338.0,0.20945188,0.00059408,8.68e-06,-56.931862422884535,0.025691653382190056,-0.01598520700068418,-166.22870567
339.0,0.20947505,0.00057599,9.23e-06,-58.05542601100678,0.02572885162303146,-0.016616060133301292,-166.32528773
340.0,0.20946082,0.00057807,9.14e-06,-57.35194600159609,0.025743251974568622,-0.015579066780719202,-166.17198287
341.0,0.20946631,0.00056723,9.59e-06,-57.62577804532417,0.025785424721277563,-0.017629845791373153,-166.2739306
342.0,0.20946052,0.0005665,6.15e-06,-57.44530989822819,0.02587540869046065,-0.016567996917421637,-166.29041088
343.0,0.20945442,0.00056805,2.52e-06,-56.99728671383654,0.025842791805673043,-0.016299008782884875,-166.43528397
344.0,0.20943928,0.00056923,1.67e-06,-56.467016360016416,0.02597213119438651,-0.016445659600611156,-166.16316784
345.0,0.20944863,0.00056943,-1.76e-06,-56.608462879710835,0.02583554120724537,-0.01447856090120579,-166.18539704
346.0,0.20945208,0.00056691,-3.24e-06,-56.410416614697205,0.0256867213695318,-0.018234645207008807,-166.28466194
347.0,0.20945533,0.00058149,-4.97e-06,-57.16046840753227,0.025889124493279063,-0.016541911616269278,-166.28906946
348.0,0.20945635,0.00060704,-6.01e-06,-57.27420907929471,0.025795314404571657,-0.01623755362954836,-166.21375844
349.0,0.20944497,0.00062944,-4.6e-06,-56.3531467050566,0.025527848630610656,-0.017087319300821337,-166.2942435
350.0,0.20944446,0.00062728,-2.44e-06,-56.65055061801997,0.02566777842649353,-0.01797627393451157,-166.23522112
351.0,0.20944832,0.00060716,-3.7e-06,-56.48837223649104,0.025613300382964208,-0.016971984465327994,-166.29960917
352.0,0.20942291,0.00059428,-4.12e-06,-55.338249741965335,0.025774557656033103,-0.016648029286128112,-166.2794879
353.0,0.20942332,0.00060015,-5.65e-06,-55.56688009663585,0.025853371411809475,-0.017247342445917743,-166.44735673
354.0,0.20942342,0.00063062,-4.16e-06,-55.496575977833785,0.025647956282878245,-0.015011341421973424,-166.35307424
355.0,0.20944375,0.00063127,-5.89e-06,-56.521993338519486,0.025635122881332344,-0.016206392921780385,-166.19459533
356.0,0.20945503,0.00061922,-6.57e-06,-56.95097943523562,0.02562493499735464,-0.015853581324612585,-166.25438423
357.0,0.20942403,0.00059127,-3.26e-06,-54.989183619348,0.02559259602444926,-0.017084478454245704,-166.31053214
358.0,0.20943521,0.00059082,2.9e-07,-56.34972444403543,0.025918732260115342,-0.01766709330964535,-166.26204948
359.0,0.20942749,0.00055848,3.18e-06,-55.57111573829311,0.025892997429382683,-0.016486493740382586,-166.33448602
360.0,0.20943145,0.00055033,3.95e-06,-55.52906703051737,0.02581079259454621,-0.017400066206517947,-166.30957398
361.0,0.20943511,0.00056695,5.55e-06,-55.56934341203447,0.025639894074997668,-0.016620891565817638,-166.39657449
362.0,0.20943897,0.00057273,7.09e-06,-56.58310288873966,0.025968830344416053,-0.015789347246940318,-166.26109132
363.0,0.20943602,0.00058528,5.46e-06,-56.584914597447344,0.025991441946345305,-0.015745893008073022,-166.37721975
364.0,0.20943369,0.00062101,6.7e-07,-56.208406791292965,0.025732882358055063,-0.017404211619846507,-166.33831864
365.0,0.20944029,0.00060789,4.4e-07,-56.79414717971937,0.025908551983778665,-0.01462863281372549,-166.26300763
366.0,0.20941722,0.00060769,1.96e-06,-55.30543678830447,0.0257786348686655,-0.016520392504563667,-166.32720404
367.0,0.20943318,0.00060284,-1.05e-06,-55.737475895627604,0.025636486463150726,-0.017495004043885546,-166.37453692
368.0,0.20943389,0.00058777,-1.21e-06,-55.542528699663876,0.02560778450983337,-0.014562636574215231,-166.36610515
369.0,0.20940767,0.00058483,1.59e-06,-54.158418256397134,0.02560093536832123,-0.016437983025921248,-166.2653072
370.0,0.20943999,0.00059396,2.5e-06,-56.55697561011993,0.02586153135365879,-0.016602817802786145,-166.19861959
371.0,0.20945767,0.00061751,1.1e-06,-57.84991505165053,0.025910525989129702,-0.015400867556218374,-166.2085844
372.0,0.20946733,0.0006472,-3.2e-07,-58.88262744095355,0.026002349507140258,-0.015672312792150832,-166.34924162
373.0,0.20943958,0.00063527,-1.99e-06,-57.0051313262239,0.025902455823016413,-0.017434981618921486,-166.2603248
374.0,0.2094594,0.00062838,-2.05e-06,-58.18912015415773,0.02599215399601386,-0.017383379625512313,-166.38124401
375.0,0.20945798,0.00065576,1.1e-07,-57.624991922388915,0.02562029850420276,-0.01875315614159215,-166.25745033
376.0,0.20943856,0.00064676,-1.6e-07,-56.42179547121955,0.02558882351549799,-0.016643495532209972,-166.15013692
377.0,0.20942484,0.00062313,-1.21e-06,-55.63324487444337,0.02568977488940818,-0.01634658867116746,-166.29558491
378.0,0.20943114,0.00063584,-3.33e-06,-56.249218539405135,0.025771666386197267,-0.01629177501897657,-166.41592923
379.0,0.20946133,0.00064472,-4.55e-06,-58.065945989255546,0.025829974375781672,-0.01705467039180247,-166.29769286
380.0,0.20942545,0.00067955,-6.52e-06,-56.457590433457305,0.025809229968499464,-0.016739188618211453,-166.33046177
381.0,0.20941275,0.00067939,-6.44e-06,-55.412046638796205,0.025639214089205265,-0.017610588004061838,-166.34694204
382.0,0.20942545,0.00068305,-7.97e-06,-56.59316797060623,0.025865520827057717,-0.01560355025602663,-166.08747356
383.0,0.20940289,0.00067975,-7.74e-06,-54.72336577110353,0.02557092409897496,-0.015502976274597444,-166.24403616
384.0,0.20942779,0.00064855,-5.97e-06,-55.679382288764735,0.025549274159959983,-0.01408648126985244,-166.41995348
385.0,0.20941275,0.00064386,-6.84e-06,-55.234190721405604,0.02574369891945808,-0.017379697170917145,-166.14362147
386.0,0.20948806,0.00062023,-1.46e-06,-58.76385633715445,0.025606523718628798,-0.015854179068516848,-166.29041088
387.0,0.2094347,0.00061588,5.8e-07,-56.27374021351412,0.025765137957581133,-0.015251000450273552,-166.31896391
388.0,0.20944131,0.00060663,2.2e-06,-56.884454915128885,0.025916406371655952,-0.01641551475086324,-166.25323445
389.0,0.20942901,0.00059828,2.06e-06,-56.26502591101628,0.025979228480098104,-0.017577107228621262,-166.2603248
390.0,0.20945909,0.00058235,3.8e-07,-57.4444645351538,0.02587747010955194,-0.017388030409847176,-166.35192445
391.0,0.20948603,0.00057282,-1.97e-06,-58.44268486316404,0.025748354230215507,-0.01786546157920607,-166.17370755
392.0,0.20943704,0.00060064,5.1e-07,-55.71585367314994,0.02553092754739067,-0.016967141799904613,-166.37453692
393.0,0.2094219,0.00063087,-2.93e-06,-55.82148735191608,0.025823847161712352,-0.016241796418086075,-166.27987117
394.0,0.2094158,0.00060467,-4.45e-06,-55.056088821164266,0.025768372299540546,-0.01921134190592369,-166.19708654
395.0,0.2094285,0.00060695,-5.01e-06,-55.40782969942895,0.025611194151364,-0.01588551627200757,-166.24997672
396.0,0.20941681,0.00060907,-3.93e-06,-54.901446180394395,0.025643594090701285,-0.017068831183494886,-166.23349644
397.0,0.20945503,0.00061636,-1.79e-06,-57.42000361885082,0.025810711701731572,-0.016834891218100917,-166.18463052
398.0,0.20944771,0.00066012,-9.5e-07,-57.0751642501917,0.02560473150778798,-0.016455038850453407,-166.34540899
399.0,0.20944029,0.00066036,-1.03e-06,-56.76219921563959,0.025640292128059426,-0.016592155414080594,-166.29041087
400.0,0.20944812,0.00063441,-2.01e-06,-56.760145253160005,0.02559029171492341,-0.017835000744341384,-166.12905751
401.0,0.20943877,0.00062569,7.5e-07,-56.60523944554394,0.02576605103815236,-0.015373904104328134,-166.32164674
402.0,0.20947678,0.00063388,2.25e-06,-58.67115109933962,0.025731633109718027,-0.015158073254354915,-166.23177177
403.0,0.2094407,0.00061755,1.97e-06,-57.338647865372835,0.026084041564154253,-0.01655481192102238,-166.20245221
404.0,0.20946275,0.00060068,1.94e-06,-58.166226005231714,0.026007808656964337,-0.014187979238453309,-166.29788449
405.0,0.20944934,0.00062317,1.87e-06,-57.4443751062382,0.025893836733701506,-0.01636670831837949,-166.3028669
406.0,0.20944598,0.00061025,2.12e-06,-57.26377506385077,0.025957148536214905,-0.019146230739884123,-166.30689115
407.0,0.20943968,0.00062093,2.56e-06,-57.16699615084003,0.02600859363611285,-0.014608934417865278,-166.33237808
408.0,0.20946966,0.00060329,1.13e-06,-58.242909515527536,0.025870411323206194,-0.018062589602646256,-166.41727065
409.0,0.20946458,0.00058088,1.54e-06,-57.75032030451214,0.025880664508208855,-0.01673921140195378,-166.23215503
410.0,0.20945147,0.00056772,2.48e-06,-57.1947174612049,0.02600625516021429,-0.014908806381108643,-166.33486929
411.0,0.20944426,0.00058671,2.67e-06,-56.88612016847515,0.02594312653376773,-0.01608570052604877,-166.39810754
412.0,0.2094468,0.00062121,4.1e-06,-57.172618840863606,0.02582382460788092,-0.015532257270838115,-166.24135332
413.0,0.20944964,0.00061897,2.66e-06,-57.021755264228354,0.0257107006952527,-0.017168013710510723,-166.24921019
414.0,0.20950351,0.00059978,3e-08,-59.71796560082067,0.025751261843777636,-0.0146851910817005,-166.26243274
415.0,0.20946306,0.00060516,1.65e-06,-57.670500928311135,0.02575879463911278,-0.015880692897608427,-166.32912035
416.0,0.2094842,0.00063987,3.97e-06,-58.71889237832995,0.025537843331779136,-0.019072664097619256,-166.33697723
417.0,0.20945117,0.00066065,3.12e-06,-57.476291750060476,0.025666171073149294,-0.018011968176604935,-166.27412223
418.0,0.20947231,0.00063641,3.87e-06,-58.66933112690428,0.025809963353909185,-0.015829589938065238,-166.30305853
419.0,0.20946458,0.00065425,1.93e-06,-58.143002819327855,0.025687347130435235,-0.015783460139560813,-166.27412223
420.0,0.20947576,0.00068163,2.62e-06,-59.12095293065491,0.025716237865522743,-0.01729471184018006,-166.22468141
421.0,0.20944852,0.00067091,3.74e-06,-57.7477315577183,0.02579418218626435,-0.016609186223592077,-166.31493965
422.0,0.20945716,0.00065955,1.9e-06,-58.13258429026979,0.025831897761112776,-0.016646507228694374,-166.18827151
423.0,0.20949192,0.00066741,3.92e-06,-59.944943424966986,0.02575882130051767,-0.01649080594796454,-166.07559243
424.0,0.20946468,0.00067136,6.83e-06,-58.79989989974498,0.025850508382413852,-0.014005808851907508,-166.1888464
425.0,0.20945279,0.00068778,9.04e-06,-58.28546759214093,0.025804655319043447,-0.01619625303670537,-166.31743086
426.0,0.20944121,0.00067812,9.36e-06,-57.798329466552744,0.02590910491778639,-0.014998274888296706,-166.37223735
427.0,0.20945086,0.00067776,8.48e-06,-58.640255133399116,0.026062521589000225,-0.015595961401691397,-166.2116505
428.0,0.20947475,0.00064293,3.81e-06,-58.78003084976944,0.02576989734046843,-0.01645735390330768,-166.30899909
429.0,0.20949355,0.00063193,-6.7e-07,-59.92356741961382,0.025919958154205554,-0.015264037342618544,-166.23867048
430.0,0.20949599,0.00060728,-1.55e-06,-59.33502879381713,0.025735174059295096,-0.016012441330095786,-166.22870567
431.0,0.20946448,0.00060512,-6.9e-07,-57.61717383740663,0.025720644006608753,-0.01777416177812816,-166.11526007
432.0,0.20941377,0.00063641,-3.53e-06,-55.113923593942864,0.02567274559032968,-0.01571059287368017,-166.33601907
433.0,0.20941773,0.00061755,-2.97e-06,-55.51063122541013,0.025852522356049783,-0.01588347719352095,-166.26204948
434.0,0.20946428,0.00061526,-2.6e-07,-57.619394679836454,0.02567248730529277,-0.01569377755109388,-166.31455639
435.0,0.20944415,0.00057701,-8.1e-07,-56.44489790450282,0.02582335651930396,-0.016512561155281727,-166.25879175
436.0,0.2094779,0.00058455,1.44e-06,-58.219217295459075,0.02575533930770387,-0.015220488901309987,-166.32049695
437.0,0.20943267,0.00061437,1.74e-06,-56.340622162709295,0.025843365580222103,-0.01531477259544935,-166.3139815
438.0,0.2094783,0.00059742,3.98e-06,-58.64134263984387,0.02584808255039553,-0.016236501539528905,-166.2856201
439.0,0.20943714,0.00058593,1.22e-06,-55.89228239975185,0.025678373730324965,-0.016374822957190456,-166.14975366
440.0,0.20942769,0.00058076,1.56e-06,-55.526803686264444,0.02576539274253627,-0.015078817323801544,-166.47475997
441.0,0.20941966,0.00060838,1.12e-06,-55.850692583568275,0.02597534879762185,-0.017572685110910934,-166.38718457
442.0,0.20948654,0.0006017,-2.33e-06,-59.018775038380866,0.025850504134247096,-0.015167990632235194,-166.1863552
443.0,0.20939862,0.00057852,-3.16e-06,-54.0789586988974,0.025867040018503443,-0.015839440812181513,-166.35364913
444.0,0.20944365,0.00060895,6.7e-07,-56.91603284914128,0.025874784684620705,-0.015180392639534543,-166.183864
445.0,0.20943755,0.00060895,9.1e-07,-56.038781544728515,0.025620893418510593,-0.016768363430716582,-166.27852975
446.0,0.20945076,0.00059921,2.07e-06,-56.45933039932004,0.025533887692131614,-0.016131545392508717,-166.22314837
447.0,0.20945584,0.00060699,-1.3e-06,-56.653935496732025,0.025489685269867123,-0.015677824338780216,-166.22257347
448.0,0.20945574,0.00062166,-1.77e-06,-57.2151353512341,0.025675001960381753,-0.016258575661444345,-166.16412599
449.0,0.20944944,0.00062056,-6.18e-06,-56.5766653803502,0.025579665796598428,-0.016095951183351272,-166.34924162
450.0,0.20945838,0.0006296,-4.6e-06,-57.61013640959574,0.025772698119019933,-0.016586606137500383,-166.15684401
451.0,0.20944659,0.00065063,-5e-06,-57.288947138248666,0.025808573179409183,-0.016648655099840474,-166.40826399
452.0,0.20948176,0.00063364,-3.6e-06,-58.67031492324931,0.02566355722839379,-0.01392865395300569,-166.18252258
453.0,0.20940004,0.00063197,-4.56e-06,-54.33829220313099,0.02568287391233962,-0.01669361299158084,-166.2400119
454.0,0.20945564,0.00065124,-6.34e-06,-57.098302996008684,0.025515527017913233,-0.015791832833602235,-166.09226434
455.0,0.20947505,0.00065254,-8.1e-06,-58.43986579953462,0.025662650386226116,-0.01670960431662836,-166.32145511
456.0,0.20944791,0.00062451,-9.44e-06,-56.654906472386564,0.025658899575220384,-0.016016562130442228,-166.39676612
457.0,0.20948481,0.00062003,-7.58e-06,-58.70422572657026,0.02570577918588172,-0.015665576058331264,-166.1463043
458.0,0.20950951,0.00062647,-7.24e-06,-60.150023561439475,0.02572913141707099,-0.014486910853883633,-166.3134066
459.0,0.20946631,0.00062358,-1.217e-05,-57.3024912429993,0.02553930214622092,-0.013570468852304923,-166.22334
460.0,0.20948704,0.00063514,-9.18e-06,-59.33559876767821,0.025868755156280017,-0.016786693377711347,-166.31992206
461.0,0.20946387,0.00061962,-3.82e-06,-58.14216799543933,0.025922750293613024,-0.0134400355380631,-166.30325016
462.0,0.20946865,0.000636,-2.31e-06,-58.125526148723075,0.02570828185262362,-0.016281321905021073,-166.25285118
463.0,0.20948481,0.00062692,-7.36e-06,-59.15635154388121,0.025868145302181327,-0.013501096875772447,-166.30689115
464.0,0.20944009,0.00060952,-3.3e-06,-56.78871257296655,0.025934212994454562,-0.016347840213026935,-166.12177552
465.0,0.20944466,0.00061086,-1.06e-06,-56.478524487075035,0.025656287198450856,-0.016469331890761534,-166.2313885
466.0,0.20948806,0.0006261,-6.07e-06,-58.86219264589573,0.025657748037469577,-0.015652448884622312,-166.33046177
467.0,0.20946601,0.000647,-3.08e-06,-58.26719556592941,0.02578510112348911,-0.01533268110963527,-166.31493965
468.0,0.20950015,0.0006417,-1.17e-06,-59.81703912791406,0.025679168593949198,-0.015294188627723691,-166.48453316
469.0,0.20943724,0.00061746,4.1e-06,-56.302813854566686,0.02567908873293558,-0.016245190712428848,-166.40788073
470.0,0.20944222,0.00060414,2.93e-06,-56.103677239957236,0.025545276147868626,-0.0159292349549394,-166.29194392
471.0,0.20941925,0.00063368,1.38e-06,-55.610809088996845,0.025740477864908212,-0.014724604469065714,-166.31034051
472.0,0.20942149,0.00064733,4.35e-06,-56.12656260504574,0.02582776422377174,-0.01580769988554951,-166.35767339
473.0,0.20942494,0.00066615,1.8e-07,-56.60230653963577,0.025899962701555902,-0.015341033159365454,-166.40251506
474.0,0.20945228,0.00067144,-3.3e-06,-58.03462472838347,0.02588791353378355,-0.015540470867881993,-166.14802898
475.0,0.20942047,0.00065857,6.8e-07,-56.3312961659419,0.025920305840394505,-0.01553707547305915,-166.29558491
476.0,0.20941255,0.00066105,-2.03e-06,-55.62434288313815,0.025799644197967216,-0.013955519972627123,-166.28178748
477.0,0.20933856,0.0006615,-5.38e-06,-51.87804283599253,0.025928057724223307,-0.015314090214314556,-166.29251882
478.0,0.2094345,0.00064195,-4.32e-06,-57.063771942069046,0.02603882987779659,-0.015984858238715385,-166.40998867
479.0,0.20941732,0.00060956,1.56e-06,-55.8170788363275,0.026008253275056428,-0.015232228243152355,-166.31359824
480.0,0.20944629,0.00059176,-3.4e-07,-56.96724624783803,0.025930032726110972,-0.015406486282650103,-166.24518594
481.0,0.20944375,0.0005973,1.37e-06,-56.88640209228744,0.025912459816876746,-0.017351765308515368,-166.38756783
482.0,0.2094405,0.00059408,2.99e-06,-56.70902248891558,0.02591379814014228,-0.016110533820437107,-166.27872138
483.0,0.20943114,0.00057412,-3.66e-06,-55.75737456838421,0.025866040993244358,-0.016678035977521533,-166.33352787
484.0,0.20940767,0.00056593,-2.79e-06,-54.45759040707679,0.025880778001691834,-0.01611879543904876,-166.19996101
485.0,0.20940543,0.0005678,-5.19e-06,-54.1709079891944,0.025812426583155447,-0.015072517118673754,-166.25457586
486.0,0.20946905,0.00061604,-5.07e-06,-58.36741803646053,0.02592760770723265,-0.01582408666392532,-166.27201429
487.0,0.20939374,0.00063185,-1.73e-06,-54.04896940810373,0.02568032393857986,-0.014440845750158193,-166.21241703
488.0,0.2094907,0.00061518,-4.75e-06,-58.97144598578182,0.02568668380396717,-0.01348445731343513,-166.27354734
489.0,0.20942952,0.00059636,2e-07,-55.91117429435262,0.025829032845323452,-0.01579582586373247,-166.20436852
490.0,0.20940157,0.00058809,-2.04e-06,-54.30181564864887,0.025837154930059288,-0.016696101005439005,-166.22832241
491.0,0.20942434,0.00058561,-2.6e-07,-55.25672548842525,0.02571314907710049,-0.015031935402414584,-166.40232343
492.0,0.20947119,0.00057689,-4.39e-06,-57.60769311704065,0.025727928230870296,-0.015202472799651399,-166.21145887
493.0,0.20941671,0.00059897,-3.2e-06,-55.31090615361581,0.025883945170530182,-0.013809645843835122,-166.19766144
494.0,0.20945147,0.00063368,-6.7e-06,-57.223182677219874,0.025761178851669366,-0.013569981075680818,-166.21605802
495.0,0.20948349,0.00062264,-4.84e-06,-58.65757519010978,0.025681312802907322,-0.015462461557237623,-166.24882693
496.0,0.20947353,0.00064052,-2.45e-06,-58.415282486711114,0.025700582390524022,-0.015824924179279373,-166.45483034
497.0,0.20942667,0.00065991,-7.21e-06,-56.099935154975014,0.025721937798388876,-0.013578464212442425,-166.35518218
498.0,0.2094593,0.00064786,-5.66e-06,-57.81452889486365,0.025759731057258286,-0.016649300627835106,-166.46575331
499.0,0.20948237,0.00063042,-1.51e-06,-58.93214834174291,0.02576277452063102,-0.014277705985084304,-166.14496289
500.0,0.20943308,0.00063266,-3.33e-06,-56.35874392704801,0.02579072884222856,-0.015676353579308085,-166.28906946
501.0,0.20947221,0.00065099,1.35e-06,-59.18376400121645,0.025986964536180348,-0.014679396380707456,-166.51346945
502.0,0.20942738,0.00061616,-1.1e-07,-55.65435897365661,0.025663765107519144,-0.014359614852474693,-166.34330105
503.0,0.20943968,0.00061429,-1.75e-06,-55.955744153187794,0.02552669454776667,-0.01565772440495815,-166.34272616
504.0,0.20943694,0.00062129,3.13e-06,-56.3573479202125,0.025699899435375748,-0.015992472614517427,-166.25016835
505.0,0.20942494,0.00060537,3.55e-06,-55.93222238550514,0.025876690801400454,-0.01577701084159127,-166.33007851
506.0,0.20941468,0.00061535,1.4e-07,-55.310458823200335,0.0258198818754387,-0.014689789055959445,-166.21969901
507.0,0.20943531,0.00063555,8.6e-07,-56.41665269764865,0.025713018328160867,-0.01420089974207918,-166.34310942
508.0,0.20945198,0.00060194,-1.87e-06,-56.64765656959311,0.02560873387930925,-0.015945953455797558,-166.16642557
509.0,0.20938287,0.00061775,-2.06e-06,-53.50773572568813,0.025776074967308323,-0.01380493449969364,-166.3904423
510.0,0.2093846,0.00062447,1.11e-06,-53.91014419897,0.025860909865281778,-0.014826935502769143,-166.26070806
511.0,0.20943358,0.00064924,2.27e-06,-56.43201865939919,0.025680665908160438,-0.015424901612882532,-166.52400916
512.0,0.2093724,0.00065238,3.6e-06,-53.40627440507376,0.025759515802134234,-0.013757624736446945,-166.35614033
513.0,0.20942962,0.00063258,2.97e-06,-55.88233560544498,0.025604226534897342,-0.012338389341468574,-166.26358252
514.0,0.20938917,0.00061588,4.14e-06,-53.93765656075908,0.02577653718809997,-0.017192137871581678,-166.24288637
515.0,0.2094162,0.0006182,3.25e-06,-55.282906933728576,0.02572776958670806,-0.014697777226165259,-166.27891301
516.0,0.20941935,0.00059522,-9.2e-07,-55.07633487314542,0.02570846107467452,-0.01584718215839698,-166.26300763
517.0,0.20947983,0.00062887,-2.68e-06,-58.86570252141094,0.0258100117992515,-0.015018983883719743,-166.27258919
518.0,0.2094716,0.00064517,-2.54e-06,-58.71819547269858,0.02585706090368329,-0.015258052986854039,-166.26569046
519.0,0.20945167,0.00064386,-2.48e-06,-57.41625148091821,0.02575718398200897,-0.01616876376581191,-166.34809183
520.0,0.20947342,0.00065767,-4.79e-06,-58.421310204131586,0.02564079146483604,-0.016607080614085334,-166.18961293
521.0,0.20947332,0.0006655,-6.04e-06,-58.928665280623555,0.02583744741471749,-0.014514807263030166,-166.22908893
522.0,0.20943989,0.00066097,-4.39e-06,-57.04123370834123,0.025800868612667654,-0.014623865153918428,-166.44448226
523.0,0.20945838,0.00064553,-4.2e-07,-58.2969134202306,0.025965048329865167,-0.014268802854769298,-166.21145887
524.0,0.20944171,0.00065963,-1.56e-06,-57.32019104030615,0.02586615499351749,-0.016288696525034063,-166.4126715
525.0,0.20947129,0.00065071,-1.25e-06,-58.780307429236785,0.025853876826360877,-0.01530545817274214,-166.23560439
526.0,0.20946489,0.00061689,1.79e-06,-57.7608720134966,0.025696224660873235,-0.015239833165013929,-166.36131437
527.0,0.20953461,0.00061359,1.22e-06,-61.70082799826618,0.02581413017604345,-0.013694028724175753,-166.2566838
528.0,0.20946468,0.00064219,1.58e-06,-58.42315061610667,0.025871361876853346,-0.016241669561751187,-166.33333624
529.0,0.20943257,0.00066293,2.79e-06,-56.950513369445055,0.02586699388645588,-0.015494121216018852,-166.21280029
530.0,0.20946418,0.00065914,1.2e-07,-58.43397626873624,0.02581590557108736,-0.017620412150263467,-166.42493589
531.0,0.20947454,0.00063828,2.5e-07,-58.505198354923195,0.025705683917141314,-0.014593272151685533,-166.27776322
532.0,0.2094784,0.00062003,-9.5e-07,-57.887858909222494,0.025443224023336777,-0.0163543417662788,-166.13787254
533.0,0.20946875,0.0006336,2.21e-06,-58.482575627563754,0.02583882240266725,-0.015047778615886449,-166.22870567
534.0,0.20950574,0.0006292,6.8e-06,-60.44568530506719,0.02581784495470607,-0.013690913924885367,-166.16470089
535.0,0.20946113,0.00061706,-3.6e-07,-58.203164634773394,0.025999838613676066,-0.015483801175276122,-166.30938235
536.0,0.20946275,0.00062415,1.7e-06,-57.601233109101436,0.02564052530700788,-0.0159694862542247,-166.18501378
537.0,0.20947393,0.00061331,3.13e-06,-58.47617587375619,0.02580663838012302,-0.0157002494474636,-166.45923786
538.0,0.20945157,0.00058438,1.015e-05,-56.508577107975256,0.025544380274446766,-0.01582039364321183,-166.44122453
539.0,0.20947515,0.00057204,7.02e-06,-58.14582317961505,0.02580418225946035,-0.01656973139914082,-166.11353539
540.0,0.20947038,0.00058284,3.89e-06,-58.15373030550726,0.02589294134014913,-0.016041006715802778,-166.33180319
541.0,0.20944791,0.00058153,1.63e-06,-56.56228356033707,0.02574191007854518,-0.015662462898883348,-166.36706331
542.0,0.20943023,0.00057673,-3.11e-06,-55.27220369324201,0.025645226214163642,-0.016559077837881516,-166.07961669
543.0,0.20945157,0.0005907,-5.02e-06,-56.719998783328435,0.02573414325095847,-0.013187459730047263,-166.12829098
544.0,0.20942403,0.00062003,-2.11e-06,-55.452605168828335,0.025649720508465472,-0.014060589439667762,-166.30018406
545.0,0.20942332,0.00065319,7.1e-07,-56.50098634104083,0.02595559048199335,-0.015125368621229896,-166.26933145
546.0,0.20945798,0.00064948,2.53e-06,-57.867530506000506,0.025739498485729987,-0.016104036135802764,-166.22678936
547.0,0.20945564,0.00065417,-1.9e-07,-57.62098260321254,0.025684094164800813,-0.015681465702051374,-166.18654683
548.0,0.20943338,0.00063498,4.7e-07,-56.061103134127634,0.025603673826648646,-0.013770186306499961,-166.37990259
549.0,0.20944934,0.0006384,1.47e-06,-57.14600625058258,0.025686225998516773,-0.01583493790264009,-166.20570994
550.0,0.2094285,0.00060879,-3.7e-07,-56.01878395836059,0.025844483292324815,-0.016111657942698164,-166.14553778
551.0,0.2094407,0.00058447,-4.53e-06,-56.33956107154107,0.025852728939148344,-0.01632114914308872,-166.32107185
552.0,0.2094283,0.00060202,-1.87e-06,-55.880275496717545,0.02583323900891349,-0.013670563395628275,-166.39101719
553.0,0.20942484,0.00061877,-3.76e-06,-55.75356883546426,0.02578952333423074,-0.013823225268592164,-166.2541926
554.0,0.2094099,0.00062272,-2.84e-06,-54.64059472475564,0.025612611699482552,-0.013341971144690757,-166.22813078
555.0,0.20942169,0.00061759,-3.68e-06,-55.43956423927811,0.025727189407223777,-0.015363819970681432,-166.183864
556.0,0.20944304,0.00063095,-5.95e-06,-56.51396808156808,0.02565067518678002,-0.01519436136845305,-166.22947219
557.0,0.20943541,0.00065099,-5.19e-06,-56.56406809027225,0.025749970141942323,-0.015497283849778283,-166.345409
558.0,0.20943612,0.00063311,-6.11e-06,-56.59728156710722,0.025846716714957602,-0.015145300076324333,-166.22219021
559.0,0.20943826,0.00061661,-6.83e-06,-56.58667026862799,0.025880155149858673,-0.01575948908429715,-166.243078
560.0,0.20943308,0.00061808,-3.31e-06,-56.719932666974486,0.02603110500930019,-0.014125014725656523,-166.39005904
561.0,0.20939872,0.00061526,-2.93e-06,-54.64020417062188,0.025933483356719782,-0.015121097574944212,-166.1635511
562.0,0.20942728,0.00062166,-3.8e-06,-55.80794026444666,0.02574003520216183,-0.013752591199417318,-166.24461105
563.0,0.20943582,0.00061229,-4.4e-06,-55.969893892975975,0.025658876771986642,-0.015125680476053314,-166.11832617
564.0,0.20943836,0.00060219,-4.03e-06,-55.56573468945937,0.02546029032634412,-0.016503805484711958,-166.35403239
565.0,0.20951072,0.00059123,-4.83e-06,-59.82961967121874,0.0257136715986627,-0.01658775370528881,-166.16757535
566.0,0.2094411,0.00061962,-2.61e-06,-56.97568092300121,0.025937179956347364,-0.015535862314109817,-166.41592923
567.0,0.20949467,0.0006435,6.6e-07,-59.759203930412575,0.025756578871243288,-0.015259864278789798,-166.11985921
568.0,0.20946479,0.00062093,4.6e-07,-58.581882728393516,0.026054582809230262,-0.01443292601505068,-166.14342984
569.0,0.2094658,0.00064777,2.5e-06,-58.61376757649377,0.02589394067033312,-0.016720697090314745,-166.30325016
570.0,0.20945859,0.00067926,3.99e-06,-58.74081515261608,0.02595231678640032,-0.014147669832813703,-166.40098201
571.0,0.20947881,0.0006547,4e-06,-59.36431075078082,0.025871396607575554,-0.01531232181228582,-166.29865101
572.0,0.2094596,0.00063201,1.94e-06,-58.15019774236171,0.02591876358411092,-0.01501873287499924,-166.39983222
573.0,0.20944192,0.00063714,2.16e-06,-56.98840994898044,0.02579390252349577,-0.013056419531598067,-166.19593675
574.0,0.20944182,0.00064688,4.57e-06,-56.88946657487702,0.025682442722641797,-0.015370605283885555,-166.30190874
575.0,0.20942494,0.00064627,4.04e-06,-56.0807738845011,0.02573028681220877,-0.014912288137365271,-166.36840472
576.0,0.20942647,0.00064777,6.5e-07,-55.812947956731584,0.025591058130972167,-0.014024424507458598,-166.14649594
577.0,0.20943633,0.0006151,1.1e-07,-56.109528083987556,0.025658272317973137,-0.014956282663283922,-166.27642181
578.0,0.2094469,0.00060349,1.17e-06,-56.39856194017628,0.025584736894335623,-0.014582153543752975,-166.3503914
579.0,0.20940675,0.00060304,1.69e-06,-54.26543442960999,0.025578276713847835,-0.013291532199001593,-166.25994153
580.0,0.20942535,0.00057261,2.11e-06,-55.45982966403025,0.025829914984596615,-0.014544046199976731,-166.26358252
581.0,0.20946956,0.00057709,4.14e-06,-57.713997691973276,0.025743104875109914,-0.016946232823518766,-166.39868243
582.0,0.20947139,0.00057599,5.2e-06,-58.24232717303329,0.025931748708539232,-0.014167074361861369,-166.48836578
583.0,0.20945259,0.00057383,6.32e-06,-57.129754010048465,0.02588601062056771,-0.01597269545505972,-166.38545989
584.0,0.20946245,0.00060133,5.08e-06,-58.071649842880106,0.025943429506499784,-0.014515786152158075,-166.39255024
585.0,,0.00062231,,,0.025676039605778495,-0.012824378068268277,-166.34521736
586.0,,0.00064179,,,0.025739449571508963,-0.015193880168513817,-166.34617552
587.0,,,,,0.025646353663477672,-0.013254933380327022,-166.26703188
588.0,,,,,0.025707806052496483,-0.015582902143074388,-166.12177553
589.0,,,,,0.02554262756023942,-0.014312204855218467,-166.0987798
590.0,,,,,,-0.014174580356215287,-166.17083308
591.0,,,,,,-0.01563633676289253,-166.26166621
592.0,,,,,,-0.014221993457833109,-166.30612462
593.0,,,,,,-0.014706371172308288,-166.22851404
594.0,,,,,,-0.014646526438484127,-166.29960917
595.0,,,,,,-0.016856920812806226,-166.16795861
